{
  "id": "01e8693a-2c45-450b-91ee-7bb371e7f00b",
  "status": "success",
  "analysis_type": "comprehensive_rigorous",
  "source": "ticker_symbol",
  "source_type": "financial_ticker",
  "text": "BLK",
  "timestamp": "2025-09-01T19:53:02.915083",
  "enhanced_summary": "Comprehensive analysis of 4 content units with 87.1% confidence. Sentiment: -0.283 (negative)",
  "content_metrics": {
    "word_count": 1,
    "reading_level": "intermediate",
    "factual_density": 1.0,
    "complexity_score": 1.0,
    "information_entropy": 1.0888999750452237,
    "recent_events_count": 4,
    "average_recency_weight": 0.28249718624055875
  },
  "mathematical_sentiment_analysis": {
    "composite_score": {
      "value": -0.28295138211382115,
      "confidence_interval": [
        -0.6780733333333334,
        0.03405528455284553
      ],
      "statistical_significance": 0.7587206118532938
    },
    "multi_model_validation": {
      "lexicon_based": {
        "vader_score": -0.4877,
        "textblob_score": 0.09733333333333334,
        "afinn_score": -0.024390243902439025,
        "consensus": -0.13825230352303525
      },
      "transformer_based": {
        "roberta_sentiment": 0.0,
        "consensus": 0.0
      },
      "all_models_consensus": -0.28295138211382115
    },
    "uncertainty_metrics": {
      "sentiment_entropy": 1.9486323918167499,
      "polarization_index": 0.41173110851010275,
      "model_agreement": 0.5882688914898972
    }
  },
  "emotion_vector_analysis": {
    "plutchik_coordinates": {
      "joy": 0.125,
      "trust": 0.125,
      "fear": 0.125,
      "surprise": 0.125,
      "sadness": 0.125,
      "disgust": 0.125,
      "anger": 0.125,
      "anticipation": 0.125
    },
    "dominant_emotions": [
      "anticipation",
      "anger",
      "disgust"
    ],
    "emotion_entropy": 2.9999999988458437,
    "emotional_coherence": 3.847188123629053e-10,
    "emotion_mathematics": {
      "vector_magnitude": 0.3535533905932738,
      "emotional_distance_from_neutral": 0.0,
      "primary_emotion_vector": [
        0.125,
        0.125,
        0.125
      ]
    }
  },
  "comprehensive_metrics": {
    "disagreement_index": 0.41173110851010275,
    "polarity_breakdown": {
      "positive": 0.122,
      "negative": 0.613,
      "neutral": 0.265,
      "wilson_ci": {
        "positive": [
          0.02170486178861787,
          0.22170486178861787
        ],
        "negative": [
          0.5131805528455285,
          0.7131805528455285
        ],
        "neutral": [
          0.16511458536585363,
          0.3651145853658536
        ]
      }
    },
    "sarcasm_rate": 0.0,
    "toxicity_rate": 0.0,
    "freshness_score": 0.28249718624055875,
    "novelty_score": 0.9821325875023372,
    "total_evidence_weight": 0.20764233560318102
  },
  "vad_analysis": {
    "valence": 0.359,
    "arousal": 0.438,
    "dominance": 0.4
  },
  "document_analysis": {
    "total_length": 3,
    "word_count": 1,
    "sentence_count": 1,
    "paragraph_count": 1,
    "file_type": "financial_ticker"
  },
  "context_sources": 4,
  "recent_developments_identified": 4,
  "source_citations": [
    {
      "source": "finance.yahoo.com",
      "url": "https://finance.yahoo.com/news/chemring-group-plc-lon-chg-054612262.html",
      "text_sample": "Key Insights Significantly high institutional ownership implies Chemring Group's stock price is sensitive to their...",
      "contribution_weight": "100.0%",
      "recency": "18 days ago"
    },
    {
      "source": "finance.yahoo.com",
      "url": "https://finance.yahoo.com/news/while-institutions-own-35-vonovia-072850593.html",
      "text_sample": "Key Insights Vonovia's significant retail investors ownership suggests that the key decisions are influenced by...",
      "contribution_weight": "90.0%",
      "recency": "6 days ago"
    },
    {
      "source": "finance.yahoo.com",
      "url": "https://finance.yahoo.com/news/retail-investors-account-41-glencore-074543295.html",
      "text_sample": "Key Insights Significant control over Glencore by retail investors implies that the general public has more power to...",
      "contribution_weight": "80.0%",
      "recency": "17 days ago"
    },
    {
      "source": "financialpost.com",
      "url": "https://financialpost.com/pmn/business-pmn/us-biofuels-maker-pledges-plants-against-debt-held-by-blackrock",
      "text_sample": "Troubled biofuels maker Green Plains Inc. has pledged the bulk of its ethanol plants as collateral to funds managed by BlackRock Inc. in exchange for more time to repay nearly $128 million in debt.",
      "contribution_weight": "70.0%",
      "recency": "14 days ago"
    }
  ],
  "query_summary": {
    "query": "BLK (BlackRock, Inc.)",
    "query_type": "Financial Services",
    "entities_detected": [
      "Investors",
      "Shareholders",
      "Ownership",
      "Chars",
      "Retail",
      "Chemring Group",
      "Vonovia",
      "Glencore"
    ],
    "recent_events": [
      {
        "event": "Found 4 related sources",
        "relevance": "high",
        "source_count": 4
      }
    ]
  },
  "calculation_methodology": {
    "sentiment_calculation": "Weighted average of VADER, TextBlob, and AFINN lexicon scores combined with transformer model outputs",
    "confidence_basis": "Based on agreement between 4 different sentiment models",
    "source_weighting": "Sources weighted by recency, domain authority, and retrieval relevance score",
    "accuracy_indicators": {
      "model_agreement": "58.8%",
      "source_diversity": "2 different source types",
      "temporal_coverage": "Analysis spans 12 days",
      "data_quality": "medium"
    }
  },
  "explanatory_clusters": [
    {
      "cluster_id": "search_cluster_0",
      "weight": 0.11538256105454016,
      "sentiment": 0.0,
      "unit_count": 2,
      "representative_text": "Key Insights Vonovia's significant retail investors ownership suggests that the key decisions are influenced by......",
      "why_important": [
        "above average weight ✓",
        "high language quality ✓",
        "low toxicity ✓"
      ],
      "avg_freshness": 0.3121864176117004,
      "avg_quality": 0.7,
      "sources": [
        "finance.yahoo.com"
      ]
    },
    {
      "cluster_id": "search_cluster_1",
      "weight": 0.09225977454864087,
      "sentiment": -0.03205062867590886,
      "unit_count": 2,
      "representative_text": "Key Insights Significant control over Glencore by retail investors implies that the general public has more power to......",
      "why_important": [
        "high language quality ✓",
        "low toxicity ✓"
      ],
      "avg_freshness": 0.2,
      "avg_quality": 0.7326797385620916,
      "sources": [
        "finance.yahoo.com",
        "financialpost.com"
      ]
    }
  ],
  "key_evidence": [],
  "weight_explanations": {
    "weight_range": {
      "min": 0.039036828672879414,
      "max": 0.07634573238166074,
      "mean": 0.051910583900795254,
      "std": 0.014688282374197618
    },
    "factor_analysis": {
      "high_freshness_units": 0,
      "high_novelty_units": 4,
      "high_source_units": 0,
      "low_toxicity_units": 4
    },
    "weight_concentration": {
      "top_10_percent_weight_share": 0.36767902923016027,
      "gini_coefficient": 0.7108189825959044
    }
  }
}