{
  "id": "0665abf2-244f-4268-b91c-0fbe3de3bc9d",
  "status": "success",
  "analysis_type": "comprehensive_rigorous",
  "source": "ticker_symbol",
  "source_type": "financial_ticker",
  "text": "AAPL",
  "timestamp": "2025-09-01T16:36:41.718728",
  "enhanced_summary": "Comprehensive analysis of 18 content units with 86.2% confidence. Sentiment: 0.244 (positive)",
  "content_metrics": {
    "word_count": 1,
    "reading_level": "intermediate",
    "factual_density": 1.0,
    "complexity_score": 1.0,
    "information_entropy": 1.0888999750452237,
    "recent_events_count": 18,
    "average_recency_weight": 0.4741637255097598
  },
  "mathematical_sentiment_analysis": {
    "composite_score": {
      "value": 0.24350584695311092,
      "confidence_interval": [
        0.013627992633517497,
        0.6290378543195934
      ],
      "statistical_significance": 0.7293906566126234
    },
    "multi_model_validation": {
      "lexicon_based": {
        "vader_score": 0.9979,
        "textblob_score": 0.15148927159796724,
        "afinn_score": 0.06813996316758748,
        "consensus": 0.4058430782551849
      },
      "transformer_based": {
        "roberta_sentiment": 0.0,
        "consensus": 0.0
      },
      "all_models_consensus": 0.24350584695311092
    },
    "uncertainty_metrics": {
      "sentiment_entropy": 2.261468684660357,
      "polarization_index": 0.38129279470978816,
      "model_agreement": 0.6187072052902118
    }
  },
  "emotion_vector_analysis": {
    "plutchik_coordinates": {
      "joy": 0.125,
      "trust": 0.125,
      "fear": 0.125,
      "surprise": 0.125,
      "sadness": 0.125,
      "disgust": 0.125,
      "anger": 0.125,
      "anticipation": 0.125
    },
    "dominant_emotions": [
      "anticipation",
      "anger",
      "disgust"
    ],
    "emotion_entropy": 2.9999999988458437,
    "emotional_coherence": 3.847188123629053e-10,
    "emotion_mathematics": {
      "vector_magnitude": 0.3535533905932738,
      "emotional_distance_from_neutral": 0.0,
      "primary_emotion_vector": [
        0.125,
        0.125,
        0.125
      ]
    }
  },
  "comprehensive_metrics": {
    "disagreement_index": 0.38129279470978816,
    "polarity_breakdown": {
      "positive": 0.597,
      "negative": 0.126,
      "neutral": 0.277,
      "wilson_ci": {
        "positive": [
          0.4974023387812444,
          0.6974023387812444
        ],
        "negative": [
          0.025649415304688894,
          0.2256494153046889
        ],
        "neutral": [
          0.17694824591406674,
          0.3769482459140667
        ]
      }
    },
    "sarcasm_rate": 0.0,
    "toxicity_rate": 0.0,
    "freshness_score": 0.4741637255097598,
    "novelty_score": 0.9246492615042105,
    "total_evidence_weight": 0.5324124436145113
  },
  "vad_analysis": {
    "valence": 0.622,
    "arousal": 0.427,
    "dominance": 0.6
  },
  "document_analysis": {
    "total_length": 4,
    "word_count": 1,
    "sentence_count": 1,
    "paragraph_count": 1,
    "file_type": "financial_ticker"
  },
  "context_sources": 18,
  "recent_developments_identified": 18,
  "source_citations": [
    {
      "source": "finance.yahoo.com",
      "url": "https://finance.yahoo.com/news/warren-buffett-trims-4-billion-084604271.html",
      "text_sample": "Warren Buffett is dialing back his favorite investment, selling a chunk of Apple Inc. (NASDAQ:AAPL) stock while praising CEO Tim Cook and amassing the...",
      "contribution_weight": "100.0%",
      "recency": "29 days ago"
    },
    {
      "source": "www.etfdailynews.com",
      "url": "https://www.etfdailynews.com/2025/08/14/meridian-financial-llc-sells-118-shares-of-apple-inc-nasdaqaapl/",
      "text_sample": "Meridian Financial LLC decreased its holdings in Apple Inc. (NASDAQ:AAPL – Free Report) by 1.4% during the 1st quarter, Holdings Channel.com reports. The institutional investor owned 8,552 shares of t...",
      "contribution_weight": "90.0%",
      "recency": "1 days ago"
    },
    {
      "source": "www.etfdailynews.com",
      "url": "https://www.etfdailynews.com/2025/08/27/trek-financial-llc-boosts-stock-position-in-apple-inc-aapl/",
      "text_sample": "Trek Financial LLC grew its holdings in Apple Inc. (NASDAQ:AAPL – Free Report) by 0.5% in the first quarter, Holdings Channel reports. The institutional investor owned 87,768 shares of the iPhone make...",
      "contribution_weight": "80.0%",
      "recency": "14 days ago"
    },
    {
      "source": "www.etfdailynews.com",
      "url": "https://www.etfdailynews.com/2025/08/17/jnba-financial-advisors-decreases-position-in-apple-inc-nasdaqaapl/",
      "text_sample": "JNBA Financial Advisors decreased its holdings in shares of Apple Inc. (NASDAQ:AAPL – Free Report) by 1.0% in the 1st quarter, Holdings Channel.com reports. The firm owned 30,399 shares of the iPhone ...",
      "contribution_weight": "70.0%",
      "recency": "7 days ago"
    },
    {
      "source": "www.etfdailynews.com",
      "url": "https://www.etfdailynews.com/2025/08/19/strategic-financial-concepts-llc-trims-position-in-apple-inc-aapl/",
      "text_sample": "Strategic Financial Concepts LLC reduced its stake in shares of Apple Inc. (NASDAQ:AAPL – Free Report) by 1.1% during the first quarter, Holdings Channel reports. The institutional investor owned 52,3...",
      "contribution_weight": "60.0%",
      "recency": "15 days ago"
    },
    {
      "source": "www.etfdailynews.com",
      "url": "https://www.etfdailynews.com/2025/08/20/sterling-manor-financial-llc-cuts-position-in-apple-inc-aapl/",
      "text_sample": "Sterling Manor Financial LLC cut its stake in Apple Inc. (NASDAQ:AAPL – Free Report) by 3.4% in the 1st quarter, according to its most recent disclosure with the SEC. The institutional investor owned ...",
      "contribution_weight": "50.0%",
      "recency": "13 days ago"
    },
    {
      "source": "www.etfdailynews.com",
      "url": "https://www.etfdailynews.com/2025/08/22/apple-inc-aapl-shares-sold-by-truist-financial-corp/",
      "text_sample": "Truist Financial Corp cut its stake in Apple Inc. (NASDAQ:AAPL – Free Report) by 6.3% in the first quarter, HoldingsChannel reports. The institutional investor owned 6,840,730 shares of the iPhone mak...",
      "contribution_weight": "40.0%",
      "recency": "26 days ago"
    },
    {
      "source": "www.etfdailynews.com",
      "url": "https://www.etfdailynews.com/2025/08/28/omc-financial-services-ltd-reduces-position-in-apple-inc-aapl/",
      "text_sample": "OMC Financial Services LTD decreased its holdings in Apple Inc. (NASDAQ:AAPL – Free Report) by 7.3% during the 1st quarter, Holdings Channel.com reports. The fund owned 127,804 shares of the iPhone ma...",
      "contribution_weight": "30.0%",
      "recency": "16 days ago"
    },
    {
      "source": "www.etfdailynews.com",
      "url": "https://www.etfdailynews.com/2025/08/13/apple-inc-nasdaqaapl-stake-boosted-by-root-financial-partners-llc/",
      "text_sample": "Root Financial Partners LLC increased its holdings in Apple Inc. (NASDAQ:AAPL – Free Report) by 34.6% in the first quarter, according to its most recent Form 13F filing with the Securities and Exchang...",
      "contribution_weight": "20.0%",
      "recency": "21 days ago"
    },
    {
      "source": "www.etfdailynews.com",
      "url": "https://www.etfdailynews.com/2025/08/30/fortress-financial-solutions-llc-increases-stake-in-apple-inc-aapl/",
      "text_sample": "Fortress Financial Solutions LLC increased its holdings in shares of Apple Inc. (NASDAQ:AAPL – Free Report) by 4.3% in the 1st quarter, according to its most recent disclosure with the Securities and ...",
      "contribution_weight": "10.0%",
      "recency": "14 days ago"
    },
    {
      "source": "reddit.com",
      "url": "https://reddit.com/r/investing/comments/1n4mk1t/whats_your_highest_earning_stock_ever/",