{
  "id": "086b10d1-339d-47fb-b13b-27e7b403af4f",
  "status": "success",
  "analysis_type": "comprehensive_rigorous",
  "source": "ticker_symbol",
  "source_type": "financial_ticker",
  "text": "NFLX",
  "timestamp": "2025-09-01T15:10:51.529565",
  "enhanced_summary": "Comprehensive analysis of 20 content units with 87.1% confidence. Sentiment: 0.409 (positive)",
  "content_metrics": {
    "word_count": 1,
    "reading_level": "intermediate",
    "factual_density": 1.0,
    "complexity_score": 1.0,
    "information_entropy": 1.0888999750452237,
    "recent_events_count": 20,
    "average_recency_weight": 0.48943975376325366
  },
  "mathematical_sentiment_analysis": {
    "composite_score": {
      "value": 0.40885124777183607,
      "confidence_interval": [
        0.0469269496434938,
        0.7819588235294118
      ],
      "statistical_significance": 0.8626935393238613
    },
    "multi_model_validation": {
      "lexicon_based": {
        "vader_score": 0.9915,
        "textblob_score": 0.1174621212121212,
        "afinn_score": 0.03529411764705882,
        "consensus": 0.3814187462863934
      },
      "transformer_based": {
        "roberta_sentiment": 0.0,
        "consensus": 0.0
      },
      "all_models_consensus": 0.40885124777183607
    },
    "uncertainty_metrics": {
      "sentiment_entropy": 2.252936468273883,
      "polarization_index": 0.44098039880185136,
      "model_agreement": 0.5590196011981486
    }
  },
  "emotion_vector_analysis": {
    "plutchik_coordinates": {
      "joy": 0.125,
      "trust": 0.125,
      "fear": 0.125,
      "surprise": 0.125,
      "sadness": 0.125,
      "disgust": 0.125,
      "anger": 0.125,
      "anticipation": 0.125
    },
    "dominant_emotions": [
      "anticipation",
      "anger",
      "disgust"
    ],
    "emotion_entropy": 2.9999999988458437,
    "emotional_coherence": 3.847188123629053e-10,
    "emotion_mathematics": {
      "vector_magnitude": 0.3535533905932738,
      "emotional_distance_from_neutral": 0.0,
      "primary_emotion_vector": [
        0.125,
        0.125,
        0.125
      ]
    }
  },
  "comprehensive_metrics": {
    "disagreement_index": 0.44098039880185136,
    "polarity_breakdown": {
      "positive": 0.664,
      "negative": 0.109,
      "neutral": 0.227,
      "wilson_ci": {
        "positive": [
          0.5635404991087345,
          0.7635404991087344
        ],
        "negative": [
          0.009114875222816371,
          0.20911487522281638
        ],
        "neutral": [
          0.12734462566844915,
          0.32734462566844913
        ]
      }
    },
    "sarcasm_rate": 0.0,
    "toxicity_rate": 0.0,
    "freshness_score": 0.48943975376325366,
    "novelty_score": 0.9142022033968434,
    "total_evidence_weight": 0.8418902237501151
  },
  "vad_analysis": {
    "valence": 0.704,
    "arousal": 0.476,
    "dominance": 0.6
  },
  "document_analysis": {
    "total_length": 4,
    "word_count": 1,
    "sentence_count": 1,
    "paragraph_count": 1,
    "file_type": "financial_ticker"
  },
  "context_sources": 20,
  "recent_developments_identified": 20,
  "source_citations": [
    {
      "source": "finance.yahoo.com",
      "url": "https://finance.yahoo.com/quote/NFLX/earnings-calls/",
      "text_sample": "3 days ago ... Yahoo Finance provides transcripts for the latest Netflix, Inc. (NFLX) earnings call and access historical call transcripts to help inform your investment ...",
      "contribution_weight": "100.0%",
      "recency": "11 days ago"
    },
    {
      "source": "finance.yahoo.com",
      "url": "https://finance.yahoo.com/news/netflix-inc-nasdaq-nflx-stock-120015923.html",
      "text_sample": "Aug 7, 2025 ... About our ads Advertising Careers. Yahoo Finance. Yahoo Finance · Sign in. Search query. Simply Wall St. Netflix, Inc. (NASDAQ:NFLX) Stock Has Shown Weakness ...",
      "contribution_weight": "90.0%",
      "recency": "23 days ago"
    },
    {
      "source": "finance.yahoo.com",
      "url": "https://finance.yahoo.com/news/netflixs-6-billion-uk-spend-171521982.html",
      "text_sample": "Netflix (NASDAQ:NFLX) stock traded higher on Friday, backed by investor optimism over its U.K. financial arm’s results and FIFA Women’s World Cup deal win...",
      "contribution_weight": "80.0%",
      "recency": "13 days ago"
    },
    {
      "source": "www.etfdailynews.com",
      "url": "https://www.etfdailynews.com/2025/08/31/jump-financial-llc-has-869000-stake-in-netflix-inc-nflx/",
      "text_sample": "Jump Financial LLC trimmed its position in shares of Netflix, Inc. (NASDAQ:NFLX – Free Report) by 95.7% during the first quarter, according to its most recent disclosure with the Securities & Exchange...",
      "contribution_weight": "70.0%",
      "recency": "26 days ago"
    },
    {
      "source": "biztoc.com",
      "url": "https://biztoc.com/x/af067ae4b9cf6f43",
      "text_sample": "On CNBC's “Halftime Report Final Trades,” Blue Line Capital’s Bill Baruch named Netflix, Inc. (NASDAQ:NFLX) as his final trade.\nOn the earnings front, Netflix, on July 17, reported upbeat second-quart...",
      "contribution_weight": "60.0%",
      "recency": "30 days ago"
    },
    {
      "source": "www.etfdailynews.com",
      "url": "https://www.etfdailynews.com/2025/08/25/netflix-inc-nasdaqnflx-receives-1297-66-average-pt-from-brokerages/",
      "text_sample": "Shares of Netflix, Inc. (NASDAQ:NFLX – Get Free Report) have been assigned a consensus rating of “Moderate Buy” from the thirty-six brokerages that are presently covering the stock, MarketBeat.com rep...",
      "contribution_weight": "50.0%",
      "recency": "24 days ago"
    },
    {
      "source": "www.etfdailynews.com",
      "url": "https://www.etfdailynews.com/2025/08/27/netflix-nasdaqnflx-stock-price-up-1-6-after-analyst-upgrade/",
      "text_sample": "Netflix, Inc. (NASDAQ:NFLX – Get Free Report)’s share price was up 1.6% during trading on Monday after Wall Street Zen upgraded the stock from a hold rating to a buy rating. The company traded as high...",
      "contribution_weight": "40.0%",
      "recency": "8 days ago"
    },
    {
      "source": "www.nasdaq.com",
      "url": "https://www.nasdaq.com/market-activity/stocks/nflx/financials",
      "text_sample": "7 hours ago ... Find the latest Netflix, Inc. Common Stock (NFLX) annual income statements, balance sheets, financial statements, ratios, and cash flow data at Nasdaq.com.",
      "contribution_weight": "30.0%",
      "recency": "24 days ago"
    },
    {
      "source": "www.nasdaq.com",
      "url": "https://www.nasdaq.com/market-activity/stocks/nflx",
      "text_sample": "2 days ago ... Discover real-time Netflix, Inc. Common Stock (NFLX) stock prices, quotes ... Income from High-Yield Stocks. 6 hours ago • The Motley Fool. Markets. Is ...",
      "contribution_weight": "20.0%",
      "recency": "2 days ago"
    },
    {
      "source": "bradfordtaxinstitute.com",
      "url": "https://bradfordtaxinstitute.com/market-outlook/Is-Netflix-Inc.-in-a-bullish-channel",
      "text_sample": "Aug 19, 2025 ... Is Netflix Inc. in a bullish channel ✌️【Portfolio Management】✌️ Expert-led US stock trading group offering free low-risk, high-return stock ideas.",
      "contribution_weight": "10.0%",
      "recency": "6 days ago"
    },
    {
      "source": "variety.com",
      "url": "https://variety.com/2025/tv/news/netflix-uk-revenue-surges-2-billion-profits-grow-1236482444/",
      "text_sample": "Aug 8, 2025 ... Netflix's U.K. arm delivered a strong performance in 2024, with revenue ... Netflix Inc. Popular on Variety. “The Company distributed interim dividends ...",
      "contribution_weight": "10.0%",
      "recency": "12 days ago"
    },
    {
      "source": "en.wikipedia.org",
      "url": "https://en.wikipedia.org/wiki/Netflix",