{
  "id": "0a3bdd35-d186-4686-8a06-c4cd4c1c80cf",
  "status": "success",
  "analysis_type": "comprehensive_rigorous",
  "source": "ticker_symbol",
  "source_type": "financial_ticker",
  "text": "GOOGL",
  "timestamp": "2025-09-01T15:40:53.758132",
  "enhanced_summary": "Comprehensive analysis of 20 content units with 86.8% confidence. Sentiment: 0.342 (positive)",
  "content_metrics": {
    "word_count": 1,
    "reading_level": "intermediate",
    "factual_density": 1.0,
    "complexity_score": 1.0,
    "information_entropy": 1.0888999750452237,
    "recent_events_count": 20,
    "average_recency_weight": 0.3725860197857988
  },
  "mathematical_sentiment_analysis": {
    "composite_score": {
      "value": 0.341940736497545,
      "confidence_interval": [
        0.052620703764320785,
        0.6974414999999999
      ],
      "statistical_significance": 0.8613309864807955
    },
    "multi_model_validation": {
      "lexicon_based": {
        "vader_score": 0.9957,
        "textblob_score": 0.16490384615384615,
        "afinn_score": 0.049099836333878884,
        "consensus": 0.40323456082924164
      },
      "transformer_based": {
        "roberta_sentiment": 0.0,
        "consensus": 0.0
      },
      "all_models_consensus": 0.341940736497545
    },
    "uncertainty_metrics": {
      "sentiment_entropy": 2.2699212142843312,
      "polarization_index": 0.3705145681405598,
      "model_agreement": 0.6294854318594403
    }
  },
  "emotion_vector_analysis": {
    "plutchik_coordinates": {
      "joy": 0.125,
      "trust": 0.125,
      "fear": 0.125,
      "surprise": 0.125,
      "sadness": 0.125,
      "disgust": 0.125,
      "anger": 0.125,
      "anticipation": 0.125
    },
    "dominant_emotions": [
      "anticipation",
      "anger",
      "disgust"
    ],
    "emotion_entropy": 2.9999999988458437,
    "emotional_coherence": 3.847188123629053e-10,
    "emotion_mathematics": {
      "vector_magnitude": 0.3535533905932738,
      "emotional_distance_from_neutral": 0.0,
      "primary_emotion_vector": [
        0.125,
        0.125,
        0.125
      ]
    }
  },
  "comprehensive_metrics": {
    "disagreement_index": 0.3705145681405598,
    "polarity_breakdown": {
      "positive": 0.637,
      "negative": 0.116,
      "neutral": 0.247,
      "wilson_ci": {
        "positive": [
          0.536776294599018,
          0.736776294599018
        ],
        "negative": [
          0.015805926350245497,
          0.2158059263502455
        ],
        "neutral": [
          0.14741777905073652,
          0.34741777905073656
        ]
      }
    },
    "sarcasm_rate": 0.0,
    "toxicity_rate": 0.0,
    "freshness_score": 0.3725860197857988,
    "novelty_score": 0.9181136908311126,
    "total_evidence_weight": 0.6981047968757367
  },
  "vad_analysis": {
    "valence": 0.671,
    "arousal": 0.456,
    "dominance": 0.6
  },
  "document_analysis": {
    "total_length": 5,
    "word_count": 1,
    "sentence_count": 1,
    "paragraph_count": 1,
    "file_type": "financial_ticker"
  },
  "context_sources": 20,
  "recent_developments_identified": 20,
  "source_citations": [
    {
      "source": "finance.yahoo.com",
      "url": "https://finance.yahoo.com/news/alphabet-inc-nasdaq-googl-waymo-041410738.html",
      "text_sample": "Alphabet Inc. (NASDAQ:GOOGL) is one of the Top Technology Stocks to Buy According to Hedge Funds. On August 22, Reuters reported that Alphabet Inc...",
      "contribution_weight": "100.0%",
      "recency": "10 days ago"
    },
    {
      "source": "finance.yahoo.com",
      "url": "https://finance.yahoo.com/quote/GOOGL/",
      "text_sample": "Aug 15, 2025 ... Find the latest Alphabet Inc. (GOOGL) stock quote, history, news and other vital information to help you with your stock trading and investing.",
      "contribution_weight": "90.0%",
      "recency": "12 days ago"
    },
    {
      "source": "www.investing.com",
      "url": "https://www.investing.com/equities/google-inc-earnings",
      "text_sample": "Aug 11, 2025 ... The latest earnings per share, revenues and financial reports for Alphabet Inc. ... 'Reddit is built for this moment' - Stock leaps sharply on crushed earnings.",
      "contribution_weight": "80.0%",
      "recency": "7 days ago"
    },
    {
      "source": "finance.yahoo.com",
      "url": "https://finance.yahoo.com/news/see-money-flows-create-outliers-120818667.html",
      "text_sample": "Since first Big Money inflow signal in 2005, shares of Google parent Alphabet, Inc. (GOOGL) are up 4,160%.",
      "contribution_weight": "70.0%",
      "recency": "26 days ago"
    },
    {
      "source": "finance.yahoo.com",
      "url": "https://finance.yahoo.com/quote/AAPL/",
      "text_sample": "Aug 11, 2025 ... In this edition, a deep dive into China real estate; Eli Lilly's earnings ... Alphabet Inc. 213.53. +0.55%. META Meta Platforms, Inc. 738.70. -1.65%. MSFT ...",
      "contribution_weight": "60.0%",
      "recency": "15 days ago"
    },
    {
      "source": "www.nasdaq.com",
      "url": "https://www.nasdaq.com/market-activity/stocks/googl/financials",
      "text_sample": "2 days ago ... Find the latest Alphabet Inc. Class A Common Stock (GOOGL) annual income statements, balance sheets, financial statements, ratios, and cash flow data at ...",
      "contribution_weight": "50.0%",
      "recency": "22 days ago"
    },
    {
      "source": "www.etfdailynews.com",
      "url": "https://www.etfdailynews.com/2025/08/14/keynote-financial-services-llc-raises-holdings-in-alphabet-inc-nasdaqgoogl/",
      "text_sample": "Keynote Financial Services LLC boosted its stake in shares of Alphabet Inc. (NASDAQ:GOOGL – Free Report) by 0.6% during the first quarter, according to the company in its most recent Form 13F filing w...",
      "contribution_weight": "40.0%",
      "recency": "9 days ago"
    },
    {
      "source": "www.etfdailynews.com",
      "url": "https://www.etfdailynews.com/2025/08/11/halter-ferguson-financial-inc-cuts-stake-in-alphabet-inc-nasdaqgoogl/",
      "text_sample": "Halter Ferguson Financial Inc. reduced its holdings in shares of Alphabet Inc. (NASDAQ:GOOGL – Free Report) by 3.7% during the first quarter, according to its most recent disclosure with the Securitie...",
      "contribution_weight": "30.0%",
      "recency": "11 days ago"
    },
    {
      "source": "www.etfdailynews.com",
      "url": "https://www.etfdailynews.com/2025/08/11/haverford-financial-services-inc-boosts-holdings-in-alphabet-inc-nasdaqgoogl/",
      "text_sample": "Haverford Financial Services Inc. raised its holdings in Alphabet Inc. (NASDAQ:GOOGL – Free Report) by 32.5% in the 1st quarter, Holdings Channel reports. The institutional investor owned 59,992 share...",
      "contribution_weight": "20.0%",
      "recency": "8 days ago"
    },
    {
      "source": "www.etfdailynews.com",
      "url": "https://www.etfdailynews.com/2025/08/05/mackenzie-financial-corp-sells-47465-shares-of-alphabet-inc-nasdaqgoogl/",
      "text_sample": "Mackenzie Financial Corp cut its stake in Alphabet Inc. (NASDAQ:GOOGL – Free Report) by 0.8% in the first quarter, HoldingsChannel.com reports. The fund owned 5,693,327 shares of the information servi...",
      "contribution_weight": "10.0%",
      "recency": "15 days ago"
    },
    {
      "source": "finance.yahoo.com",
      "url": "https://finance.yahoo.com/news/live/earnings-live-walmart-stock-under-pressure-after-earnings-miss-target-slides-120535601.html",
      "text_sample": "3 days ago ... 29, 98% of S&P 500 index companies have reported results, according to ... GOOG Alphabet Inc. 213.53 +1.16 (+0.55%) · IPDN Professional Diversity Network ...",
      "contribution_weight": "10.0%",
      "recency": "24 days ago"
    },
    {
      "source": "www.investing.com",
      "url": "https://www.investing.com/equities/google-inc-financial-summary",