{
  "id": "0afd447b-8f50-4b2f-9a6c-5ab98ec5f8da",
  "status": "success",
  "analysis_type": "comprehensive_rigorous",
  "source": "ticker_symbol",
  "source_type": "financial_ticker",
  "text": "GE",
  "timestamp": "2025-09-01T17:44:49.704402",
  "enhanced_summary": "Comprehensive analysis of 10 content units with 88.1% confidence. Sentiment: 0.223 (positive)",
  "content_metrics": {
    "word_count": 1,
    "reading_level": "intermediate",
    "factual_density": 1.0,
    "complexity_score": 1.0,
    "information_entropy": 1.0888999750452237,
    "recent_events_count": 10,
    "average_recency_weight": 0.48964383263549
  },
  "mathematical_sentiment_analysis": {
    "composite_score": {
      "value": 0.2228885714285714,
      "confidence_interval": [
        0.012473214285714303,
        0.60938
      ],
      "statistical_significance": 0.6865924229162632
    },
    "multi_model_validation": {
      "lexicon_based": {
        "vader_score": 0.9948,
        "textblob_score": 0.06249999999999996,
        "afinn_score": 0.05714285714285714,
        "consensus": 0.37148095238095236
      },
      "transformer_based": {
        "roberta_sentiment": 0.0,
        "consensus": 0.0
      },
      "all_models_consensus": 0.2228885714285714
    },
    "uncertainty_metrics": {
      "sentiment_entropy": 2.258143238351578,
      "polarization_index": 0.38688551788742415,
      "model_agreement": 0.6131144821125758
    }
  },
  "emotion_vector_analysis": {
    "plutchik_coordinates": {
      "joy": 0.125,
      "trust": 0.125,
      "fear": 0.125,
      "surprise": 0.125,
      "sadness": 0.125,
      "disgust": 0.125,
      "anger": 0.125,
      "anticipation": 0.125
    },
    "dominant_emotions": [
      "anticipation",
      "anger",
      "disgust"
    ],
    "emotion_entropy": 2.9999999988458437,
    "emotional_coherence": 3.847188123629053e-10,
    "emotion_mathematics": {
      "vector_magnitude": 0.3535533905932738,
      "emotional_distance_from_neutral": 0.0,
      "primary_emotion_vector": [
        0.125,
        0.125,
        0.125
      ]
    }
  },
  "comprehensive_metrics": {
    "disagreement_index": 0.38688551788742415,
    "polarity_breakdown": {
      "positive": 0.589,
      "negative": 0.128,
      "neutral": 0.283,
      "wilson_ci": {
        "positive": [
          0.4891554285714286,
          0.6891554285714285
        ],
        "negative": [
          0.02771114285714285,
          0.22771114285714286
        ],
        "neutral": [
          0.18313342857142859,
          0.3831334285714286
        ]
      }
    },
    "sarcasm_rate": 0.0,
    "toxicity_rate": 0.0,
    "freshness_score": 0.48964383263549,
    "novelty_score": 0.8575730754243204,
    "total_evidence_weight": 0.399234652318298
  },
  "vad_analysis": {
    "valence": 0.611,
    "arousal": 0.42,
    "dominance": 0.6
  },
  "document_analysis": {
    "total_length": 2,
    "word_count": 1,
    "sentence_count": 1,
    "paragraph_count": 1,
    "file_type": "financial_ticker"
  },
  "context_sources": 10,
  "recent_developments_identified": 10,
  "source_citations": [
    {
      "source": "www.etfdailynews.com",
      "url": "https://www.etfdailynews.com/2025/08/26/financial-analysis-vertical-aerospace-nyseevtl-and-ge-aerospace-nysege/",
      "text_sample": "Vertical Aerospace (NYSE:EVTL – Get Free Report) and GE Aerospace (NYSE:GE – Get Free Report) are both aerospace companies, but which is the superior stock? We will contrast the two companies based on...",
      "contribution_weight": "100.0%",
      "recency": "2 days ago"
    },
    {
      "source": "www.etfdailynews.com",
      "url": "https://www.etfdailynews.com/2025/08/31/ge-aerospace-nysege-downgraded-by-wall-street-zen-to-hold/",
      "text_sample": "Wall Street Zen downgraded shares of GE Aerospace (NYSE:GE – Free Report) from a buy rating to a hold rating in a research note released on Saturday morning. A number of other equities research analys...",
      "contribution_weight": "90.0%",
      "recency": "21 days ago"
    },
    {
      "source": "www.etfdailynews.com",
      "url": "https://www.etfdailynews.com/2025/08/15/defense-stocks-to-follow-now-august-13th/",
      "text_sample": "GE Aerospace, Boeing, Citigroup, Celestica, and Momentus are the five Defense stocks to watch today, according to MarketBeat’s stock screener tool. Defense stocks are shares of publicly traded compani...",
      "contribution_weight": "80.0%",
      "recency": "18 days ago"
    },
    {
      "source": "www.etfdailynews.com",
      "url": "https://www.etfdailynews.com/2025/08/20/promising-defense-stocks-to-watch-now-august-17th/",
      "text_sample": "Boeing, GE Aerospace, and Citigroup are the three Defense stocks to watch today, according to MarketBeat’s stock screener tool. Defense stocks are shares of companies that design, manufacture, and sup...",
      "contribution_weight": "70.0%",
      "recency": "18 days ago"
    },
    {
      "source": "www.etfdailynews.com",
      "url": "https://www.etfdailynews.com/2025/08/19/defense-stocks-to-add-to-your-watchlist-august-16th/",
      "text_sample": "Boeing, GE Aerospace, and Citigroup are the three Defense stocks to watch today, according to MarketBeat’s stock screener tool. Defense stocks are shares of publicly traded companies that design, manu...",
      "contribution_weight": "60.0%",
      "recency": "23 days ago"
    },
    {
      "source": "www.etfdailynews.com",
      "url": "https://www.etfdailynews.com/2025/08/12/top-defense-stocks-to-watch-now-august-10th/",
      "text_sample": "Rocket Lab, GE Aerospace, Boeing, Citigroup, and Analog Devices are the five Defense stocks to watch today, according to MarketBeat’s stock screener tool. Defense stocks are shares of publicly traded ...",
      "contribution_weight": "50.0%",
      "recency": "19 days ago"
    },
    {
      "source": "www.etfdailynews.com",
      "url": "https://www.etfdailynews.com/2025/08/10/promising-defense-stocks-to-follow-now-august-7th/",
      "text_sample": "Boeing, Citigroup, GE Aerospace, Corning, and Celestica are the five Defense stocks to watch today, according to MarketBeat’s stock screener tool. Defense stocks are shares of publicly traded companie...",
      "contribution_weight": "40.0%",
      "recency": "4 days ago"
    },
    {
      "source": "www.etfdailynews.com",
      "url": "https://www.etfdailynews.com/2025/08/17/top-defense-stocks-to-add-to-your-watchlist-august-14th/",
      "text_sample": "GE Aerospace, Rocket Lab, Boeing, Celestica, and Citigroup are the five Defense stocks to watch today, according to MarketBeat’s stock screener tool. Defense stocks are shares of publicly traded compa...",
      "contribution_weight": "30.0%",
      "recency": "17 days ago"
    },
    {
      "source": "www.etfdailynews.com",
      "url": "https://www.etfdailynews.com/2025/08/08/best-defense-stocks-to-consider-august-5th/",
      "text_sample": "Boeing, Citigroup, BWX Technologies, GE Aerospace, and Celestica are the five Defense stocks to watch today, according to MarketBeat’s stock screener tool. Defense stocks are shares of publicly traded...",
      "contribution_weight": "20.0%",
      "recency": "19 days ago"
    },
    {
      "source": "www.etfdailynews.com",
      "url": "https://www.etfdailynews.com/2025/08/17/promising-defense-stocks-to-add-to-your-watchlist-august-15th/",
      "text_sample": "Boeing, GE Aerospace, and Citigroup are the three Defense stocks to watch today, according to MarketBeat’s stock screener tool. Defense stocks are shares of publicly traded companies that design, manu...",
      "contribution_weight": "10.0%",
      "recency": "2 days ago"
    }
  ],
  "query_summary": {
    "query": "GE (GE Aerospace)",
    "query_type": "Industrials",
    "entities_detected": [
      "Defense",
      "Stocks",
      "Aerospace",
      "Chars",
      "Watch",
      "Stock",
      "Shares",
      "August",
      "Boeing",
      "Citigroup"
    ],