{
  "id": "0da55343-261b-411e-b16e-303aff7e2a0e",
  "status": "success",
  "analysis_type": "comprehensive_rigorous",
  "source": "ticker_symbol",
  "source_type": "financial_ticker",
  "text": "PFE",
  "timestamp": "2025-09-01T16:33:26.758655",
  "enhanced_summary": "Comprehensive analysis of 11 content units with 85.9% confidence. Sentiment: 0.145 (positive)",
  "content_metrics": {
    "word_count": 1,
    "reading_level": "intermediate",
    "factual_density": 1.0,
    "complexity_score": 1.0,
    "information_entropy": 1.0888999750452237,
    "recent_events_count": 11,
    "average_recency_weight": 0.4109676217461728
  },
  "mathematical_sentiment_analysis": {
    "composite_score": {
      "value": 0.14495057908383754,
      "confidence_interval": [
        -0.2667307692307692,
        0.6295492307692309
      ],
      "statistical_significance": 0.41959920429893927
    },
    "multi_model_validation": {
      "lexicon_based": {
        "vader_score": 0.9938,
        "textblob_score": 0.16634615384615387,
        "afinn_score": 0.06460674157303371,
        "consensus": 0.40825096513972925
      },
      "transformer_based": {
        "roberta_sentiment": 0.0,
        "consensus": 0.0
      },
      "all_models_consensus": 0.14495057908383754
    },
    "uncertainty_metrics": {
      "sentiment_entropy": 2.1958110239265602,
      "polarization_index": 0.4825826689951462,
      "model_agreement": 0.5174173310048538
    }
  },
  "emotion_vector_analysis": {
    "plutchik_coordinates": {
      "joy": 0.125,
      "trust": 0.125,
      "fear": 0.125,
      "surprise": 0.125,
      "sadness": 0.125,
      "disgust": 0.125,
      "anger": 0.125,
      "anticipation": 0.125
    },
    "dominant_emotions": [
      "anticipation",
      "anger",
      "disgust"
    ],
    "emotion_entropy": 2.9999999988458437,
    "emotional_coherence": 3.847188123629053e-10,
    "emotion_mathematics": {
      "vector_magnitude": 0.3535533905932738,
      "emotional_distance_from_neutral": 0.0,
      "primary_emotion_vector": [
        0.125,
        0.125,
        0.125
      ]
    }
  },
  "comprehensive_metrics": {
    "disagreement_index": 0.4825826689951462,
    "polarity_breakdown": {
      "positive": 0.558,
      "negative": 0.136,
      "neutral": 0.307,
      "wilson_ci": {
        "positive": [
          0.4579802316335351,
          0.657980231633535
        ],
        "negative": [
          0.035504942091616226,
          0.23550494209161624
        ],
        "neutral": [
          0.2065148262748487,
          0.4065148262748487
        ]
      }
    },
    "sarcasm_rate": 0.0,
    "toxicity_rate": 0.0,
    "freshness_score": 0.4109676217461728,
    "novelty_score": 0.9151672161194241,
    "total_evidence_weight": 0.3847729245975371
  },
  "vad_analysis": {
    "valence": 0.572,
    "arousal": 0.397,
    "dominance": 0.6
  },
  "document_analysis": {
    "total_length": 3,
    "word_count": 1,
    "sentence_count": 1,
    "paragraph_count": 1,
    "file_type": "financial_ticker"
  },
  "context_sources": 11,
  "recent_developments_identified": 11,
  "source_citations": [
    {
      "source": "finance.yahoo.com",
      "url": "https://finance.yahoo.com/news/pfizer-lifts-profit-view-cuts-160336306.html",
      "text_sample": "(Bloomberg) -- Pfizer Inc. raised its profit forecast for the year, with the drugmaker’s ongoing cost cuts helping to make up for a lack of expected sales...",
      "contribution_weight": "100.0%",
      "recency": "12 days ago"
    },
    {
      "source": "www.etfdailynews.com",
      "url": "https://www.etfdailynews.com/2025/08/18/rep-lisa-c-mcclain-purchases-shares-of-pfizer-inc-nysepfe/",
      "text_sample": "Representative Lisa C. McClain (R-Michigan) recently bought shares of Pfizer Inc. (NYSE:PFE). In a filing disclosed on August 13th, the Representative disclosed that they had bought between $1,001 and...",
      "contribution_weight": "90.0%",
      "recency": "26 days ago"
    },
    {
      "source": "www.etfdailynews.com",
      "url": "https://www.etfdailynews.com/2025/08/04/financial-survey-pfizer-nysepfe-vs-bayer-aktiengesellschaft-otcmktsbayry/",
      "text_sample": "Pfizer (NYSE:PFE – Get Free Report) and Bayer Aktiengesellschaft (OTCMKTS:BAYRY – Get Free Report) are both large-cap medical companies, but which is the superior stock? We will compare the two compan...",
      "contribution_weight": "80.0%",
      "recency": "21 days ago"
    },
    {
      "source": "www.etfdailynews.com",
      "url": "https://www.etfdailynews.com/2025/08/27/promising-dividend-stocks-worth-watching-august-25th/",
      "text_sample": "Direxion Daily TSLA Bull 2X Shares, ProShares UltraPro Short QQQ, Exxon Mobil, Pfizer, Chevron, PepsiCo, and Merck & Co., Inc. are the seven Dividend stocks to watch today, according to MarketBeat’s s...",
      "contribution_weight": "70.0%",
      "recency": "14 days ago"
    },
    {
      "source": "www.etfdailynews.com",
      "url": "https://www.etfdailynews.com/2025/08/07/top-dividend-stocks-to-consider-august-5th/",
      "text_sample": "UnitedHealth Group, Pfizer, ProShares UltraPro Short QQQ, Exxon Mobil, and Direxion Daily TSLA Bull 2X Shares are the five Dividend stocks to watch today, according to MarketBeat’s stock screener tool...",
      "contribution_weight": "60.0%",
      "recency": "9 days ago"
    },
    {
      "source": "reddit.com",
      "url": "https://reddit.com/r/stocks/comments/1n02bqo/trump_and_rfk_jr_to_ban_covid19_vaccine_within/",
      "text_sample": "https://www.thedailybeast.com/donald-trump-and-robert-f-kennedy-junior-to-ban-covid-19-vaccine-within-months/\n\n> The Trump administration will move to pull the COVID vaccine off the U.S. market “withi",
      "contribution_weight": "50.0%",
      "recency": "4 days ago"
    },
    {
      "source": "reddit.com",
      "url": "https://reddit.com/r/stocks/comments/1mxj0d4/at_what_moment_do_you_realize_the_market_increase/",
      "text_sample": "My loser tickers are all gaining and have inched higher. \nNext 6 months will be the dumbest everything rally stage.\nMy top percentage losers change from 1 month ago\n1. SND and L -92% to -82%\n2. Jmia -",
      "contribution_weight": "40.0%",
      "recency": "27 days ago"
    },
    {
      "source": "reddit.com",
      "url": "https://reddit.com/r/biotech/comments/1mudd1e/pfizer_interview/",
      "text_sample": "Have got an on-site interview for a scientist role with Pfizer upcoming. Any tips or take aways would be appreciated. Due to the present layoffs in biotech, Is this a good time to work at Pfizer. I ha",
      "contribution_weight": "30.0%",
      "recency": "17 days ago"
    },
    {
      "source": "reddit.com",
      "url": "https://reddit.com/r/biotech/comments/1myg2nn/director_at_gilead_vs_director_at_pfizer/",
      "text_sample": "Hi, \nI have two director level offers in DMPK which are largely similar from a net compensation perspective.   The people I interacted with are great and I know from a pipeline perspective Pfizer may ",
      "contribution_weight": "20.0%",
      "recency": "3 days ago"
    },
    {
      "source": "reddit.com",
      "url": "https://reddit.com/r/biotech/comments/1n1u5tb/more_pfizer_layoffs_in_bothell/",
      "text_sample": "Anyone know what departments were impacted?",
      "contribution_weight": "10.0%",
      "recency": "15 days ago"
    },
    {
      "source": "reddit.com",
      "url": "https://reddit.com/r/biotech/comments/1n4o7w3/what_happened_to_all_of_pfizers_ma_assets/",
      "text_sample": "Seagen was more after covid but what happened to the assets Greek Troy Aikman bought for around 30 billion? Are there any promising assets still in play for Trillium, Arena? Biohaven seems like a dud.",
      "contribution_weight": "10.0%",
      "recency": "0 days ago"
    }
  ],
  "query_summary": {
    "query": "PFE (Pfizer Inc.)",
    "query_type": "Healthcare",