{
  "id": "10532040-52fe-49ab-b73c-1a8e17f003a1",
  "status": "success",
  "analysis_type": "comprehensive_rigorous",
  "source": "ticker_symbol",
  "source_type": "financial_ticker",
  "text": "MSFT",
  "timestamp": "2025-08-31T18:54:50.119587",
  "enhanced_summary": "Comprehensive analysis of 10 content units with 88.1% confidence. Sentiment: 0.000 (neutral)",
  "content_metrics": {
    "word_count": 1,
    "reading_level": "intermediate",
    "factual_density": 1.0,
    "complexity_score": 1.0,
    "information_entropy": 1.0888999750452237,
    "recent_events_count": 10,
    "average_recency_weight": 0.3777056519494884
  },
  "mathematical_sentiment_analysis": {
    "composite_score": {
      "value": 0.44488231079265567,
      "confidence_interval": [
        0.05878280340349307,
        0.8303818181818181
      ],
      "statistical_significance": 0.877873481481078
    },
    "multi_model_validation": {
      "lexicon_based": {
        "vader_score": 0.997,
        "textblob_score": 0.16090909090909095,
        "afinn_score": 0.0665024630541872,
        "consensus": 0.4081371846544261
      },
      "transformer_based": {
        "roberta_sentiment": 0.0,
        "consensus": 0.0
      },
      "all_models_consensus": 0.44488231079265567
    },
    "uncertainty_metrics": {
      "sentiment_entropy": 2.2519133237361517,
      "polarization_index": 0.45491141134255986,
      "model_agreement": 0.5450885886574401
    }
  },
  "emotion_vector_analysis": {
    "plutchik_coordinates": {
      "joy": 0.125,
      "trust": 0.125,
      "fear": 0.125,
      "surprise": 0.125,
      "sadness": 0.125,
      "disgust": 0.125,
      "anger": 0.125,
      "anticipation": 0.125
    },
    "dominant_emotions": [
      "anticipation",
      "anger",
      "disgust"
    ],
    "emotion_entropy": 2.9999999988458437,
    "emotional_coherence": 3.847188123629053e-10,
    "emotion_mathematics": {
      "vector_magnitude": 0.3535533905932738,
      "emotional_distance_from_neutral": 0.0,
      "primary_emotion_vector": [
        0.125,
        0.125,
        0.125
      ]
    }
  },
  "comprehensive_metrics": {
    "disagreement_index": 0.45491141134255986,
    "polarity_breakdown": {
      "positive": 0.678,
      "negative": 0.106,
      "neutral": 0.217,
      "wilson_ci": {
        "positive": [
          0.5779529243170624,
          0.7779529243170623
        ],
        "negative": [
          0.0055117689207344195,
          0.20551176892073442
        ],
        "neutral": [
          0.11653530676220322,
          0.3165353067622032
        ]
      }
    },
    "sarcasm_rate": 0.0,
    "toxicity_rate": 0.0,
    "freshness_score": 0.3777056519494884,
    "novelty_score": 0.8941187367169089,
    "total_evidence_weight": 0.3339293911350899
  },
  "vad_analysis": {
    "valence": 0.722,
    "arousal": 0.487,
    "dominance": 0.6
  },
  "document_analysis": {
    "total_length": 4,
    "word_count": 1,
    "sentence_count": 1,
    "paragraph_count": 1,
    "file_type": "financial_ticker"
  },
  "context_sources": 10,
  "recent_developments_identified": 10,
  "source_citations": [
    {
      "source": "www.etfdailynews.com",
      "url": "https://www.etfdailynews.com/2025/08/30/microsoft-corporation-msft-shares-acquired-by-apollon-financial-llc/",
      "text_sample": "Apollon Financial LLC boosted its stake in Microsoft Corporation (NASDAQ:MSFT – Free Report) by 1.9% in the first quarter, HoldingsChannel reports. The firm owned 35,616 shares of the software giant’s...",
      "contribution_weight": "100.0%",
      "recency": "13 days ago"
    },
    {
      "source": "www.etfdailynews.com",
      "url": "https://www.etfdailynews.com/2025/08/12/microsoft-corporation-nasdaqmsft-shares-sold-by-stonebridge-financial-group-llc/",
      "text_sample": "Stonebridge Financial Group LLC lowered its position in shares of Microsoft Corporation (NASDAQ:MSFT – Free Report) by 2.2% in the first quarter, according to its most recent Form 13F filing with the ...",
      "contribution_weight": "90.0%",
      "recency": "24 days ago"
    },
    {
      "source": "www.etfdailynews.com",
      "url": "https://www.etfdailynews.com/2025/08/30/microsoft-corporation-msft-shares-purchased-by-catalyst-financial-partners-llc/",
      "text_sample": "Catalyst Financial Partners LLC boosted its position in Microsoft Corporation (NASDAQ:MSFT – Free Report) by 2.9% in the first quarter, according to its most recent disclosure with the Securities and ...",
      "contribution_weight": "80.0%",
      "recency": "28 days ago"
    },
    {
      "source": "www.etfdailynews.com",
      "url": "https://www.etfdailynews.com/2025/08/21/microsoft-corporation-msft-shares-sold-by-quattro-financial-advisors-llc/",
      "text_sample": "Quattro Financial Advisors LLC lessened its holdings in Microsoft Corporation (NASDAQ:MSFT – Free Report) by 50.9% in the 1st quarter, according to the company in its most recent 13F filing with the S...",
      "contribution_weight": "70.0%",
      "recency": "2 days ago"
    },
    {
      "source": "www.etfdailynews.com",
      "url": "https://www.etfdailynews.com/2025/08/18/strategic-financial-concepts-llc-increases-stake-in-microsoft-corporation-msft/",
      "text_sample": "Strategic Financial Concepts LLC lifted its position in Microsoft Corporation (NASDAQ:MSFT – Free Report) by 5.0% during the 1st quarter, according to its most recent disclosure with the SEC. The fund...",
      "contribution_weight": "60.0%",
      "recency": "14 days ago"
    },
    {
      "source": "www.etfdailynews.com",
      "url": "https://www.etfdailynews.com/2025/08/08/microsoft-corporation-nasdaqmsft-shares-sold-by-nadler-financial-group-inc/",
      "text_sample": "Nadler Financial Group Inc. trimmed its position in shares of Microsoft Corporation (NASDAQ:MSFT – Free Report) by 8.2% in the first quarter, HoldingsChannel.com reports. The fund owned 28,253 shares ...",
      "contribution_weight": "50.0%",
      "recency": "24 days ago"
    },
    {
      "source": "www.etfdailynews.com",
      "url": "https://www.etfdailynews.com/2025/08/11/microsoft-corporation-nasdaqmsft-shares-bought-by-convergence-financial-llc/",
      "text_sample": "Convergence Financial LLC lifted its stake in shares of Microsoft Corporation (NASDAQ:MSFT – Free Report) by 3.0% during the first quarter, according to the company in its most recent disclosure with ...",
      "contribution_weight": "40.0%",
      "recency": "25 days ago"
    },
    {
      "source": "www.etfdailynews.com",
      "url": "https://www.etfdailynews.com/2025/08/12/microsoft-corporation-nasdaqmsft-shares-bought-by-root-financial-partners-llc/",
      "text_sample": "Root Financial Partners LLC boosted its stake in shares of Microsoft Corporation (NASDAQ:MSFT – Free Report) by 50.5% during the first quarter, according to its most recent Form 13F filing with the SE...",
      "contribution_weight": "30.0%",
      "recency": "10 days ago"
    },
    {
      "source": "www.etfdailynews.com",
      "url": "https://www.etfdailynews.com/2025/08/03/microsoft-corporation-nasdaqmsft-is-woodtrust-financial-corps-7th-largest-position/",
      "text_sample": "WoodTrust Financial Corp increased its stake in shares of Microsoft Corporation (NASDAQ:MSFT – Free Report) by 2.9% in the first quarter, according to its most recent Form 13F filing with the SEC. The...",
      "contribution_weight": "20.0%",
      "recency": "21 days ago"
    },
    {
      "source": "www.etfdailynews.com",
      "url": "https://www.etfdailynews.com/2025/08/21/microsoft-corporation-msft-shares-acquired-by-wayfinding-financial-llc/",
      "text_sample": "Wayfinding Financial LLC raised its stake in Microsoft Corporation (NASDAQ:MSFT – Free Report) by 0.2% in the 1st quarter, according to the company in its most recent disclosure with the Securities an...",
      "contribution_weight": "10.0%",
      "recency": "20 days ago"
    }
  ],