{
  "id": "11f4756c-9c5d-4239-9fdf-bc1808732a6f",
  "status": "success",
  "analysis_type": "comprehensive_rigorous",
  "source": "ticker_symbol",
  "source_type": "financial_ticker",
  "text": "CSCO",
  "timestamp": "2025-09-01T17:39:51.909368",
  "enhanced_summary": "Comprehensive analysis of 11 content units with 87.1% confidence. Sentiment: 0.403 (positive)",
  "content_metrics": {
    "word_count": 1,
    "reading_level": "intermediate",
    "factual_density": 1.0,
    "complexity_score": 1.0,
    "information_entropy": 1.0888999750452237,
    "recent_events_count": 11,
    "average_recency_weight": 0.2617876572104638
  },
  "mathematical_sentiment_analysis": {
    "composite_score": {
      "value": 0.403293407043407,
      "confidence_interval": [
        0.0333519656019656,
        0.7732348484848485
      ],
      "statistical_significance": 0.8558623704448769
    },
    "multi_model_validation": {
      "lexicon_based": {
        "vader_score": 0.9925,
        "textblob_score": 0.08117424242424241,
        "afinn_score": 0.04279279279279279,
        "consensus": 0.37215567840567837
      },
      "transformer_based": {
        "roberta_sentiment": 0.0,
        "consensus": 0.0
      },
      "all_models_consensus": 0.403293407043407
    },
    "uncertainty_metrics": {
      "sentiment_entropy": 2.2512213596632336,
      "polarization_index": 0.44502783506759674,
      "model_agreement": 0.5549721649324033
    }
  },
  "emotion_vector_analysis": {
    "plutchik_coordinates": {
      "joy": 0.125,
      "trust": 0.125,
      "fear": 0.125,
      "surprise": 0.125,
      "sadness": 0.125,
      "disgust": 0.125,
      "anger": 0.125,
      "anticipation": 0.125
    },
    "dominant_emotions": [
      "anticipation",
      "anger",
      "disgust"
    ],
    "emotion_entropy": 2.9999999988458437,
    "emotional_coherence": 3.847188123629053e-10,
    "emotion_mathematics": {
      "vector_magnitude": 0.3535533905932738,
      "emotional_distance_from_neutral": 0.0,
      "primary_emotion_vector": [
        0.125,
        0.125,
        0.125
      ]
    }
  },
  "comprehensive_metrics": {
    "disagreement_index": 0.44502783506759674,
    "polarity_breakdown": {
      "positive": 0.661,
      "negative": 0.11,
      "neutral": 0.229,
      "wilson_ci": {
        "positive": [
          0.5613173628173628,
          0.7613173628173627
        ],
        "negative": [
          0.009670659295659287,
          0.2096706592956593
        ],
        "neutral": [
          0.12901197788697796,
          0.329011977886978
        ]
      }
    },
    "sarcasm_rate": 0.0,
    "toxicity_rate": 0.0,
    "freshness_score": 0.2617876572104638,
    "novelty_score": 0.9152202062791742,
    "total_evidence_weight": 0.347507972045915
  },
  "vad_analysis": {
    "valence": 0.702,
    "arousal": 0.475,
    "dominance": 0.6
  },
  "document_analysis": {
    "total_length": 4,
    "word_count": 1,
    "sentence_count": 1,
    "paragraph_count": 1,
    "file_type": "financial_ticker"
  },
  "context_sources": 11,
  "recent_developments_identified": 11,
  "source_citations": [
    {
      "source": "biztoc.com",
      "url": "https://biztoc.com/x/28625e3d1784b95f",
      "text_sample": "Cisco Systems, Inc. (NASDAQ:CSCO) shares are trading lower Thursday following the release of fourth-quarter financial results on Wednesday after the market closed.\nWhat To Know: Cisco reported adjuste...",
      "contribution_weight": "100.0%",
      "recency": "27 days ago"
    },
    {
      "source": "biztoc.com",
      "url": "https://biztoc.com/x/798852416beff3a6",
      "text_sample": "Could Cisco Systems, Inc.‘s (NASDAQ:CSCO) latest earnings report hold the key to unlocking a steady stream of passive income for investors? Cisco will release financial results for the fourth quarter ...",
      "contribution_weight": "90.0%",
      "recency": "11 days ago"
    },
    {
      "source": "siliconangle.com",
      "url": "https://siliconangle.com/2025/08/13/ai-infrastructure-deals-fuel-strong-earnings-cisco/",
      "text_sample": "Strong artificial intelligence infrastructure orders carried Cisco Systems Inc. to fiscal fourth quarter revenues and earnings that beat analysts’ estimates and marked a strong finish to the fiscal ye...",
      "contribution_weight": "80.0%",
      "recency": "9 days ago"
    },
    {
      "source": "www.etfdailynews.com",
      "url": "https://www.etfdailynews.com/2025/08/06/cisco-systems-nasdaqcsco-stock-price-expected-to-rise-ubs-group-analyst-says/",
      "text_sample": "Cisco Systems (NASDAQ:CSCO – Free Report) had its price target hoisted by UBS Group from $70.00 to $74.00 in a report published on Tuesday,Benzinga reports. The firm currently has a neutral rating on ...",
      "contribution_weight": "70.0%",
      "recency": "29 days ago"
    },
    {
      "source": "www.etfdailynews.com",
      "url": "https://www.etfdailynews.com/2025/08/17/cisco-systems-nasdaqcsco-lowered-to-hold-rating-by-hsbc-global-res/",
      "text_sample": "Cisco Systems (NASDAQ:CSCO – Get Free Report) was downgraded by Hsbc Global Res from a “strong-buy” rating to a “hold” rating in a note issued to investors on Friday,Zacks.com reports. CSCO has been t...",
      "contribution_weight": "60.0%",
      "recency": "28 days ago"
    },
    {
      "source": "www.etfdailynews.com",
      "url": "https://www.etfdailynews.com/2025/08/17/cisco-systems-csco-buy-rating-reiterated-at-rosenblatt-securities/",
      "text_sample": "Rosenblatt Securities restated their buy rating on shares of Cisco Systems (NASDAQ:CSCO – Free Report) in a research note issued to investors on Thursday,Benzinga reports. They currently have a $87.00...",
      "contribution_weight": "50.0%",
      "recency": "17 days ago"
    },
    {
      "source": "www.etfdailynews.com",
      "url": "https://www.etfdailynews.com/2025/08/17/barclays-issues-positive-forecast-for-cisco-systems-nasdaqcsco-stock-price/",
      "text_sample": "Cisco Systems (NASDAQ:CSCO – Free Report) had its target price hoisted by Barclays from $66.00 to $71.00 in a research report sent to investors on Thursday morning,Benzinga reports. The firm currently...",
      "contribution_weight": "40.0%",
      "recency": "5 days ago"
    },
    {
      "source": "www.etfdailynews.com",
      "url": "https://www.etfdailynews.com/2025/08/17/cisco-systems-nasdaqcsco-price-target-raised-to-70-00/",
      "text_sample": "Cisco Systems (NASDAQ:CSCO – Free Report) had its price target raised by Piper Sandler from $64.00 to $70.00 in a report published on Thursday morning,Benzinga reports. Piper Sandler currently has a n...",
      "contribution_weight": "30.0%",
      "recency": "21 days ago"
    },
    {
      "source": "www.etfdailynews.com",
      "url": "https://www.etfdailynews.com/2025/08/17/cisco-systems-nasdaqcsco-price-target-raised-to-85-00/",
      "text_sample": "Cisco Systems (NASDAQ:CSCO – Free Report) had its price objective raised by Bank of America from $76.00 to $85.00 in a report issued on Thursday,Benzinga reports. The firm currently has a buy rating o...",
      "contribution_weight": "20.0%",
      "recency": "24 days ago"
    },
    {
      "source": "www.etfdailynews.com",
      "url": "https://www.etfdailynews.com/2025/08/17/cisco-systems-nasdaqcsco-price-target-raised-to-74-00/",
      "text_sample": "Cisco Systems (NASDAQ:CSCO – Free Report) had its price target increased by Evercore ISI from $72.00 to $74.00 in a research report sent to investors on Thursday,Benzinga reports. Evercore ISI current...",
      "contribution_weight": "10.0%",
      "recency": "18 days ago"
    },
    {
      "source": "reddit.com",
      "url": "https://reddit.com/r/stocks/comments/1mx4bo6/what_are_your_expectations_opinion_on_orcl/",