{
  "id": "1ebadc06-74a4-4290-a4da-2cc7fa13d4a5",
  "status": "success",
  "analysis_type": "comprehensive_rigorous",
  "source": "ticker_symbol",
  "source_type": "financial_ticker",
  "text": "PLTR",
  "timestamp": "2025-09-01T14:56:54.575527",
  "enhanced_summary": "Comprehensive analysis of 21 content units with 86.8% confidence. Sentiment: 0.423 (positive)",
  "content_metrics": {
    "word_count": 1,
    "reading_level": "intermediate",
    "factual_density": 1.0,
    "complexity_score": 1.0,
    "information_entropy": 1.0888999750452237,
    "recent_events_count": 21,
    "average_recency_weight": 0.3532003778621876
  },
  "mathematical_sentiment_analysis": {
    "composite_score": {
      "value": 0.42341085401120476,
      "confidence_interval": [
        0.04166505340697512,
        0.8113737543133196
      ],
      "statistical_significance": 0.8556039154827196
    },
    "multi_model_validation": {
      "lexicon_based": {
        "vader_score": 0.9903,
        "textblob_score": 0.08596877156659767,
        "afinn_score": 0.04078549848942598,
        "consensus": 0.37235142335200794
      },
      "transformer_based": {
        "roberta_sentiment": 0.0,
        "consensus": 0.0
      },
      "all_models_consensus": 0.42341085401120476
    },
    "uncertainty_metrics": {
      "sentiment_entropy": 2.2459852426819547,
      "polarization_index": 0.4676247256292619,
      "model_agreement": 0.5323752743707382
    }
  },
  "emotion_vector_analysis": {
    "plutchik_coordinates": {
      "joy": 0.125,
      "trust": 0.125,
      "fear": 0.125,
      "surprise": 0.125,
      "sadness": 0.125,
      "disgust": 0.125,
      "anger": 0.125,
      "anticipation": 0.125
    },
    "dominant_emotions": [
      "anticipation",
      "anger",
      "disgust"
    ],
    "emotion_entropy": 2.9999999988458437,
    "emotional_coherence": 3.847188123629053e-10,
    "emotion_mathematics": {
      "vector_magnitude": 0.3535533905932738,
      "emotional_distance_from_neutral": 0.0,
      "primary_emotion_vector": [
        0.125,
        0.125,
        0.125
      ]
    }
  },
  "comprehensive_metrics": {
    "disagreement_index": 0.4676247256292619,
    "polarity_breakdown": {
      "positive": 0.669,
      "negative": 0.108,
      "neutral": 0.223,
      "wilson_ci": {
        "positive": [
          0.5693643416044819,
          0.7693643416044819
        ],
        "negative": [
          0.007658914598879518,
          0.20765891459887953
        ],
        "neutral": [
          0.12297674379663859,
          0.3229767437966386
        ]
      }
    },
    "sarcasm_rate": 0.0,
    "toxicity_rate": 0.0,
    "freshness_score": 0.3532003778621876,
    "novelty_score": 0.9091341055578154,
    "total_evidence_weight": 0.6998719587317437
  },
  "vad_analysis": {
    "valence": 0.712,
    "arousal": 0.481,
    "dominance": 0.6
  },
  "document_analysis": {
    "total_length": 4,
    "word_count": 1,
    "sentence_count": 1,
    "paragraph_count": 1,
    "file_type": "financial_ticker"
  },
  "context_sources": 21,
  "recent_developments_identified": 21,
  "source_citations": [
    {
      "source": "investors.palantir.com",
      "url": "https://investors.palantir.com/news-details/2025/Palantir-Reports-Q2-2025-U-S--Comm-Revenue-Growth-of-93-YY-and-Revenue-Growth-of-48-YY-Guides-Q3-Revenue-to-50-YY-Raises-FY-2025-Revenue-Guidance-to-45-YY-and-U-S--Comm-Revenue-Guidance-to-85-YY-Crushing-Consensus-Expectations/",
      "text_sample": "Aug 4, 2025 ... About Palantir Technologies Inc. Foundational software of tomorrow ... Weighted-average shares of common stock outstanding used in computing earnings per share ...",
      "contribution_weight": "100.0%",
      "recency": "23 days ago"
    },
    {
      "source": "finance.yahoo.com",
      "url": "https://finance.yahoo.com/news/palantir-extends-sompo-collaboration-targeting-140439871.html",
      "text_sample": "Palantir Technologies Inc. (NASDAQ:PLTR) shares were trading relatively flat on Tuesday. The company said its long-running collaboration with SOMPO Holdings ...",
      "contribution_weight": "90.0%",
      "recency": "30 days ago"
    },
    {
      "source": "siliconangle.com",
      "url": "https://siliconangle.com/2025/08/04/palantir-posts-48-revenue-growth-beats-expectations-across-board/",
      "text_sample": "Shares of Palantir Technologies Inc. were up over 3% in late trading today after the big data analytics company reported earnings and revenue beats it its fiscal second quarter and gave an outlook ahe...",
      "contribution_weight": "80.0%",
      "recency": "13 days ago"
    },
    {
      "source": "finance.yahoo.com",
      "url": "https://finance.yahoo.com/news/palantir-2-500-run-bulls-140000031.html",
      "text_sample": "(Bloomberg) -- Palantir Technologies Inc.’s meteoric rise is pushing the company’s valuation further into record territory, forcing bullish investors to bank...",
      "contribution_weight": "70.0%",
      "recency": "22 days ago"
    },
    {
      "source": "nz.finance.yahoo.com",
      "url": "https://nz.finance.yahoo.com/quote/PLTR/",
      "text_sample": "3 days ago ... Find the latest Palantir Technologies Inc. (PLTR) stock quote, history ... Earnings Growth & Price Strength Make Palantir Technologies Inc. (PLTR) a ...",
      "contribution_weight": "60.0%",
      "recency": "10 days ago"
    },
    {
      "source": "www.etfdailynews.com",
      "url": "https://www.etfdailynews.com/2025/08/08/brokers-set-expectations-for-pltr-q3-earnings/",
      "text_sample": "Palantir Technologies Inc. (NASDAQ:PLTR – Free Report) – Stock analysts at DA Davidson issued their Q3 2025 earnings per share (EPS) estimates for shares of Palantir Technologies in a research report ...",
      "contribution_weight": "50.0%",
      "recency": "13 days ago"
    },
    {
      "source": "www.etfdailynews.com",
      "url": "https://www.etfdailynews.com/2025/08/07/palantir-technologies-nasdaqpltr-shares-gap-up-on-strong-earnings/",
      "text_sample": "Palantir Technologies Inc. (NASDAQ:PLTR – Get Free Report) shares gapped up before the market opened on Tuesday following a better than expected earnings announcement. The stock had previously closed ...",
      "contribution_weight": "40.0%",
      "recency": "2 days ago"
    },
    {
      "source": "biztoc.com",
      "url": "https://biztoc.com/x/cfb1d29ff329b38f",
      "text_sample": "Palantir Technologies Inc (NASDAQ:PLTR) shares are trading higher Monday ahead of earnings scheduled after the bell. Here’s what you need to know before the report.\nWhat To Know: Palantir is set to re...",
      "contribution_weight": "30.0%",
      "recency": "25 days ago"
    },
    {
      "source": "www.etfdailynews.com",
      "url": "https://www.etfdailynews.com/2025/08/08/palantir-technologies-nasdaqpltr-given-new-155-00-price-target-at-cantor-fitzgerald/",
      "text_sample": "Palantir Technologies (NASDAQ:PLTR – Free Report) had its price target raised by Cantor Fitzgerald from $110.00 to $155.00 in a research note published on Tuesday morning,Benzinga reports. Cantor Fitz...",
      "contribution_weight": "20.0%",
      "recency": "12 days ago"
    },
    {
      "source": "www.etfdailynews.com",
      "url": "https://www.etfdailynews.com/2025/08/07/palantir-technologies-nasdaqpltr-earns-neutral-rating-from-citigroup/",
      "text_sample": "Palantir Technologies (NASDAQ:PLTR – Get Free Report)‘s stock had its “neutral” rating restated by Citigroup in a research note issued on Tuesday, Marketbeat Ratings reports. They presently have a $17...",
      "contribution_weight": "10.0%",
      "recency": "15 days ago"
    },
    {
      "source": "finance.yahoo.com",
      "url": "https://finance.yahoo.com/quote/PLTR/",
      "text_sample": "Aug 6, 2025 ... Select to analyze similar companies using key performance metrics; select up to 4 stocks. PLTR. Palantir Technologies Inc.",
      "contribution_weight": "10.0%",