{
  "id": "1f751124-b289-4d7b-8fba-b7df3d8cc7b9",
  "status": "success",
  "analysis_type": "comprehensive_rigorous",
  "source": "ticker_symbol",
  "source_type": "financial_ticker",
  "text": "DX",
  "timestamp": "2025-09-01T16:32:01.651300",
  "enhanced_summary": "Comprehensive analysis of 1 content units with 88.1% confidence. Sentiment: 0.576 (positive)",
  "content_metrics": {
    "word_count": 1,
    "reading_level": "intermediate",
    "factual_density": 1.0,
    "complexity_score": 1.0,
    "information_entropy": 1.0888999750452237,
    "recent_events_count": 1,
    "average_recency_weight": 0.20000000000000004
  },
  "mathematical_sentiment_analysis": {
    "composite_score": {
      "value": 0.576181176182931,
      "confidence_interval": [
        0.29578047442854494,
        0.8388037558746337
      ],
      "statistical_significance": 0.974603043100676
    },
    "multi_model_validation": {
      "lexicon_based": {
        "vader_score": 0.7906,
        "textblob_score": 0.2833333333333334,
        "afinn_score": 0.10526315789473684,
        "consensus": 0.39306549707602345
      },
      "transformer_based": {
        "roberta_sentiment": 0.7017093896865845,
        "consensus": 0.7017093896865845
      },
      "all_models_consensus": 0.576181176182931
    },
    "uncertainty_metrics": {
      "sentiment_entropy": 2.289159261822239,
      "polarization_index": 0.33132425170045743,
      "model_agreement": 0.6686757482995426
    }
  },
  "emotion_vector_analysis": {
    "plutchik_coordinates": {
      "joy": 0.125,
      "trust": 0.125,
      "fear": 0.125,
      "surprise": 0.125,
      "sadness": 0.125,
      "disgust": 0.125,
      "anger": 0.125,
      "anticipation": 0.125
    },
    "dominant_emotions": [
      "anticipation",
      "anger",
      "disgust"
    ],
    "emotion_entropy": 2.9999999988458437,
    "emotional_coherence": 3.847188123629053e-10,
    "emotion_mathematics": {
      "vector_magnitude": 0.3535533905932738,
      "emotional_distance_from_neutral": 0.0,
      "primary_emotion_vector": [
        0.125,
        0.125,
        0.125
      ]
    }
  },
  "comprehensive_metrics": {
    "disagreement_index": 0.33132425170045743,
    "polarity_breakdown": {
      "positive": 0.73,
      "negative": 0.092,
      "neutral": 0.177,
      "wilson_ci": {
        "positive": [
          0.6304724704731725,
          0.8304724704731724
        ],
        "negative": [
          0,
          0.1923818823817069
        ],
        "neutral": [
          0.07714564714512068,
          0.2771456471451207
        ]
      }
    },
    "sarcasm_rate": 0.0,
    "toxicity_rate": 0.0,
    "freshness_score": 0.20000000000000004,
    "novelty_score": 0.9736842105263159,
    "total_evidence_weight": 0.05437422284913763
  },
  "vad_analysis": {
    "valence": 0.788,
    "arousal": 0.526,
    "dominance": 0.6
  },
  "document_analysis": {
    "total_length": 2,
    "word_count": 1,
    "sentence_count": 1,
    "paragraph_count": 1,
    "file_type": "financial_ticker"
  },
  "context_sources": 1,
  "recent_developments_identified": 1,
  "source_citations": [
    {
      "source": "www.etfdailynews.com",
      "url": "https://www.etfdailynews.com/2025/08/22/dynex-capital-inc-dx-shares-purchased-by-invesco-ltd/",
      "text_sample": "Invesco Ltd. boosted its position in Dynex Capital, Inc. (NYSE:DX – Free Report) by 5.9% during the first quarter, HoldingsChannel.com reports. The institutional investor owned 1,344,333 shares of the...",
      "contribution_weight": "100.0%",
      "recency": "15 days ago"
    }
  ],
  "query_summary": {
    "query": "DX (Dynex Capital, Inc.)",
    "query_type": "Real Estate",
    "entities_detected": [
      "Dynex Capital",
      "Invesco Ltd",
      "Shares"
    ],
    "recent_events": [
      {
        "event": "Found 1 related sources",
        "relevance": "high",
        "source_count": 1
      }
    ]
  },
  "calculation_methodology": {
    "sentiment_calculation": "Weighted average of VADER, TextBlob, and AFINN lexicon scores combined with transformer model outputs",
    "confidence_basis": "Based on agreement between 4 different sentiment models",
    "source_weighting": "Sources weighted by recency, domain authority, and retrieval relevance score",
    "accuracy_indicators": {
      "model_agreement": "66.9%",
      "source_diversity": "1 different source types",
      "temporal_coverage": "Analysis spans 1 days",
      "data_quality": "low"
    }
  },
  "explanatory_clusters": [
    {
      "cluster_id": "search_cluster_0",
      "weight": 0.05437422284913763,
      "sentiment": 0.0,
      "unit_count": 1,
      "representative_text": "Invesco Ltd. boosted its position in Dynex Capital, Inc. (NYSE:DX – Free Report) by 5.9% during the first quarter, HoldingsChannel.com reports. The in...",
      "why_important": [
        "high language quality ✓",
        "low toxicity ✓"
      ],
      "avg_freshness": 0.2,
      "avg_quality": 0.7157894736842105,
      "sources": [
        "www.etfdailynews.com"
      ]
    }
  ],
  "key_evidence": [],
  "weight_explanations": {
    "weight_range": {
      "min": 0.05437422284913763,
      "max": 0.05437422284913763,
      "mean": 0.05437422284913763,
      "std": 0.0
    },
    "factor_analysis": {
      "high_freshness_units": 0,
      "high_novelty_units": 1,
      "high_source_units": 0,
      "low_toxicity_units": 1
    },
    "weight_concentration": {
      "top_10_percent_weight_share": 1.0,
      "gini_coefficient": 0.0
    }
  }
}