{
  "id": "227d4b1b-c9e1-4cc6-bca8-3687e7a11563",
  "status": "success",
  "analysis_type": "comprehensive_rigorous",
  "source": "ticker_symbol",
  "source_type": "financial_ticker",
  "text": "GME",
  "timestamp": "2025-09-02T21:53:43.093508",
  "enhanced_summary": "Comprehensive analysis of 27 content units with 87.2% confidence. Sentiment: 0.271 (positive)",
  "content_metrics": {
    "word_count": 1,
    "reading_level": "intermediate",
    "factual_density": 0.978153609357168,
    "complexity_score": 1.0,
    "information_entropy": 1.0888999750452237,
    "recent_events_count": 27,
    "average_recency_weight": 0.3298717147063813
  },
  "mathematical_sentiment_analysis": {
    "composite_score": {
      "value": 0.27088433337819445,
      "confidence_interval": [
        0.028394806574018067,
        0.65
      ],
      "statistical_significance": 0.7783213158068752
    },
    "multi_model_validation": {
      "lexicon_based": {
        "vader_score": 1.0,
        "textblob_score": 0.07098701643504517,
        "afinn_score": 0.03343465045592705,
        "consensus": 0.3681405556303241
      },
      "transformer_based": {
        "roberta_sentiment": 0.0,
        "consensus": 0.0
      },
      "all_models_consensus": 0.27088433337819445
    },
    "uncertainty_metrics": {
      "sentiment_entropy": 2.2652996257921933,
      "polarization_index": 0.3746372704376102,
      "model_agreement": 0.6253627295623898
    }
  },
  "emotion_vector_analysis": {
    "plutchik_coordinates": {
      "joy": 0.125,
      "trust": 0.125,
      "fear": 0.125,
      "surprise": 0.125,
      "sadness": 0.125,
      "disgust": 0.125,
      "anger": 0.125,
      "anticipation": 0.125
    },
    "dominant_emotions": [
      "anticipation",
      "anger",
      "disgust"
    ],
    "emotion_entropy": 2.9999999988458437,
    "emotional_coherence": 3.847188123629053e-10,
    "emotion_mathematics": {
      "vector_magnitude": 0.3535533905932738,
      "emotional_distance_from_neutral": 0.0,
      "primary_emotion_vector": [
        0.125,
        0.125,
        0.125
      ]
    }
  },
  "comprehensive_metrics": {
    "disagreement_index": 0.3746372704376102,
    "polarity_breakdown": {
      "positive": 0.608,
      "negative": 0.123,
      "neutral": 0.269,
      "wilson_ci": {
        "positive": [
          0.5083537333512779,
          0.7083537333512778
        ],
        "negative": [
          0.02291156666218054,
          0.22291156666218054
        ],
        "neutral": [
          0.1687346999865416,
          0.3687346999865416
        ]
      }
    },
    "sarcasm_rate": 0.021846390642832007,
    "toxicity_rate": 0.001393807504317329,
    "freshness_score": 0.3298717147063813,
    "novelty_score": 0.6516731590342617,
    "total_evidence_weight": 0.3714386711538247
  },
  "vad_analysis": {
    "valence": 0.635,
    "arousal": 0.435,
    "dominance": 0.6
  },
  "document_analysis": {
    "total_length": 3,
    "word_count": 1,
    "sentence_count": 1,
    "paragraph_count": 1,
    "file_type": "financial_ticker"
  },
  "context_sources": 27,
  "recent_developments_identified": 27,
  "source_citations": [
    {
      "source": "www.etfdailynews.com",
      "url": "https://www.etfdailynews.com/2025/08/14/pnc-financial-services-group-inc-buys-4653-shares-of-gamestop-corp-nysegme/",
      "text_sample": "PNC Financial Services Group Inc. grew its position in GameStop Corp. ([NYSE:GME](https://www.marketbeat.com/stocks/NYSE/GME/) – [Free Report](https://www.marketbeat.com/arnreports/ReportTickerOptin.a...",
      "contribution_weight": "100.0%",
      "recency": "19 days ago"
    },
    {
      "source": "www.etfdailynews.com",
      "url": "https://www.etfdailynews.com/2025/08/12/vanguard-group-inc-raises-holdings-in-gamestop-corp-nysegme/",
      "text_sample": "Vanguard Group Inc. raised its position in shares of GameStop Corp. ([NYSE:GME](https://www.marketbeat.com/stocks/NYSE/GME/) – [Free Report](https://www.marketbeat.com/arnreports/ReportTickerOptin.asp...",
      "contribution_weight": "90.0%",
      "recency": "21 days ago"
    },
    {
      "source": "finance.yahoo.com",
      "url": "https://finance.yahoo.com/news/gamestop-corp-gme-bull-case-034517136.html",
      "text_sample": "We came across a [bullish thesis ](https://www.reddit.com/r/ValueInvesting/comments/1md1xag/gamestops_gme_new_power_pack_dd_connecting/)on GameStop Corp. on Value investing subreddit by whatifweallwon...",
      "contribution_weight": "80.0%",
      "recency": "16 days ago"
    },
    {
      "source": "www.etfdailynews.com",
      "url": "https://www.etfdailynews.com/2025/08/23/invesco-ltd-increases-stock-holdings-in-gamestop-corp-gme/",
      "text_sample": "Invesco Ltd. grew its stake in GameStop Corp. ([NYSE:GME](https://www.marketbeat.com/stocks/NYSE/GME/) – [Free Report](https://www.marketbeat.com/arnreports/ReportTickerOptin.aspx?RegistrationCode=Tic...",
      "contribution_weight": "70.0%",
      "recency": "10 days ago"
    },
    {
      "source": "www.etfdailynews.com",
      "url": "https://www.etfdailynews.com/2025/08/26/northern-trust-corp-grows-stock-position-in-gamestop-corp-gme/",
      "text_sample": "Northern Trust Corp increased its position in shares of GameStop Corp. ([NYSE:GME](https://www.marketbeat.com/stocks/NYSE/GME/) – [Free Report](https://www.marketbeat.com/arnreports/ReportTickerOptin....",
      "contribution_weight": "60.0%",
      "recency": "7 days ago"
    },
    {
      "source": "www.etfdailynews.com",
      "url": "https://www.etfdailynews.com/2025/08/18/us-bancorp-de-has-83000-stock-position-in-gamestop-corp-gme/",
      "text_sample": "US Bancorp DE lifted its holdings in shares of GameStop Corp. ([NYSE:GME](https://www.marketbeat.com/stocks/NYSE/GME/) – [Free Report](https://www.marketbeat.com/arnreports/ReportTickerOptin.aspx?Regi...",
      "contribution_weight": "50.0%",
      "recency": "15 days ago"
    },
    {
      "source": "www.etfdailynews.com",
      "url": "https://www.etfdailynews.com/2025/08/09/gamestop-corp-nysegme-shares-sold-by-mutual-of-america-capital-management-llc/",
      "text_sample": "Mutual of America Capital Management LLC decreased its stake in GameStop Corp. ([NYSE:GME](https://www.marketbeat.com/stocks/NYSE/GME/) – [Free Report](https://www.marketbeat.com/arnreports/ReportTick...",
      "contribution_weight": "40.0%",
      "recency": "24 days ago"
    },
    {
      "source": "www.etfdailynews.com",
      "url": "https://www.etfdailynews.com/2025/08/16/gamestop-corp-nysegme-holdings-decreased-by-maryland-state-retirement-pension-system/",
      "text_sample": "Maryland State Retirement & Pension System trimmed its position in GameStop Corp. ([NYSE:GME](https://www.marketbeat.com/stocks/NYSE/GME/) – [Free Report](https://www.marketbeat.com/arnreports/ReportT...",
      "contribution_weight": "30.0%",
      "recency": "17 days ago"
    },
    {
      "source": "www.etfdailynews.com",
      "url": "https://www.etfdailynews.com/2025/08/08/avantax-advisory-services-inc-has-334000-position-in-gamestop-corp-nysegme/",
      "text_sample": "Avantax Advisory Services Inc. cut its position in GameStop Corp. ([NYSE:GME](https://www.marketbeat.com/stocks/NYSE/GME/) – [Free Report](https://www.marketbeat.com/arnreports/ReportTickerOptin.aspx?...",
      "contribution_weight": "20.0%",
      "recency": "25 days ago"
    },
    {
      "source": "www.etfdailynews.com",
      "url": "https://www.etfdailynews.com/2025/08/08/xtx-topco-ltd-makes-new-465000-investment-in-gamestop-corp-nysegme/",
      "text_sample": "XTX Topco Ltd bought a new position in shares of GameStop Corp. ([NYSE:GME](https://www.marketbeat.com/stocks/NYSE/GME/) – [Free Report](https://www.marketbeat.com/arnreports/ReportTickerOptin.aspx?Re...",
      "contribution_weight": "10.0%",
      "recency": "25 days ago"
    },
    {
      "source": "biztoc.com",
      "url": "https://biztoc.com/x/f101c55bf4add717",