{
  "id": "280c924f-2c75-4d7b-a417-ac55e30a3b97",
  "status": "success",
  "analysis_type": "comprehensive_rigorous",
  "source": "ticker_symbol",
  "source_type": "financial_ticker",
  "text": "PLTR",
  "timestamp": "2025-09-01T14:49:46.084672",
  "enhanced_summary": "Comprehensive analysis of 20 content units with 87.0% confidence. Sentiment: 0.429 (positive)",
  "content_metrics": {
    "word_count": 1,
    "reading_level": "intermediate",
    "factual_density": 1.0,
    "complexity_score": 1.0,
    "information_entropy": 1.0888999750452237,
    "recent_events_count": 20,
    "average_recency_weight": 0.4420625565298643
  },
  "mathematical_sentiment_analysis": {
    "composite_score": {
      "value": 0.4292007446183826,
      "confidence_interval": [
        0.03973012260881324,
        0.8186713666279519
      ],
      "statistical_significance": 0.8612195392266966
    },
    "multi_model_validation": {
      "lexicon_based": {
        "vader_score": 0.9952,
        "textblob_score": 0.10295683313975998,
        "afinn_score": 0.04784688995215311,
        "consensus": 0.3820012410306377
      },
      "transformer_based": {
        "roberta_sentiment": 0.0,
        "consensus": 0.0
      },
      "all_models_consensus": 0.4292007446183826
    },
    "uncertainty_metrics": {
      "sentiment_entropy": 2.2473147621979046,
      "polarization_index": 0.46524102967459596,
      "model_agreement": 0.5347589703254041
    }
  },
  "emotion_vector_analysis": {
    "plutchik_coordinates": {
      "joy": 0.125,
      "trust": 0.125,
      "fear": 0.125,
      "surprise": 0.125,
      "sadness": 0.125,
      "disgust": 0.125,
      "anger": 0.125,
      "anticipation": 0.125
    },
    "dominant_emotions": [
      "anticipation",
      "anger",
      "disgust"
    ],
    "emotion_entropy": 2.9999999988458437,
    "emotional_coherence": 3.847188123629053e-10,
    "emotion_mathematics": {
      "vector_magnitude": 0.3535533905932738,
      "emotional_distance_from_neutral": 0.0,
      "primary_emotion_vector": [
        0.125,
        0.125,
        0.125
      ]
    }
  },
  "comprehensive_metrics": {
    "disagreement_index": 0.46524102967459596,
    "polarity_breakdown": {
      "positive": 0.672,
      "negative": 0.107,
      "neutral": 0.221,
      "wilson_ci": {
        "positive": [
          0.5716802978473531,
          0.771680297847353
        ],
        "negative": [
          0.007079925538161724,
          0.20707992553816174
        ],
        "neutral": [
          0.1212397766144852,
          0.3212397766144852
        ]
      }
    },
    "sarcasm_rate": 0.0,
    "toxicity_rate": 0.0,
    "freshness_score": 0.4420625565298643,
    "novelty_score": 0.8996953614208131,
    "total_evidence_weight": 0.7656288450724167
  },
  "vad_analysis": {
    "valence": 0.715,
    "arousal": 0.482,
    "dominance": 0.6
  },
  "document_analysis": {
    "total_length": 4,
    "word_count": 1,
    "sentence_count": 1,
    "paragraph_count": 1,
    "file_type": "financial_ticker"
  },
  "context_sources": 20,
  "recent_developments_identified": 20,
  "source_citations": [
    {
      "source": "investors.palantir.com",
      "url": "https://investors.palantir.com/news-details/2025/Palantir-Reports-Q2-2025-U-S--Comm-Revenue-Growth-of-93-YY-and-Revenue-Growth-of-48-YY-Guides-Q3-Revenue-to-50-YY-Raises-FY-2025-Revenue-Guidance-to-45-YY-and-U-S--Comm-Revenue-Guidance-to-85-YY-Crushing-Consensus-Expectations/",
      "text_sample": "Aug 4, 2025 ... About Palantir Technologies Inc. Foundational software of tomorrow ... Weighted-average shares of common stock outstanding used in computing earnings per share ...",
      "contribution_weight": "100.0%",
      "recency": "9 days ago"
    },
    {
      "source": "siliconangle.com",
      "url": "https://siliconangle.com/2025/08/04/palantir-posts-48-revenue-growth-beats-expectations-across-board/",
      "text_sample": "Shares of Palantir Technologies Inc. were up over 3% in late trading today after the big data analytics company reported earnings and revenue beats it its fiscal second quarter and gave an outlook ahe...",
      "contribution_weight": "90.0%",
      "recency": "3 days ago"
    },
    {
      "source": "www.etfdailynews.com",
      "url": "https://www.etfdailynews.com/2025/08/07/palantir-technologies-nasdaqpltr-shares-gap-up-on-strong-earnings/",
      "text_sample": "Palantir Technologies Inc. (NASDAQ:PLTR – Get Free Report) shares gapped up before the market opened on Tuesday following a better than expected earnings announcement. The stock had previously closed ...",
      "contribution_weight": "80.0%",
      "recency": "28 days ago"
    },
    {
      "source": "www.etfdailynews.com",
      "url": "https://www.etfdailynews.com/2025/08/08/brokers-set-expectations-for-pltr-q3-earnings/",
      "text_sample": "Palantir Technologies Inc. (NASDAQ:PLTR – Free Report) – Stock analysts at DA Davidson issued their Q3 2025 earnings per share (EPS) estimates for shares of Palantir Technologies in a research report ...",
      "contribution_weight": "70.0%",
      "recency": "5 days ago"
    },
    {
      "source": "finance.yahoo.com",
      "url": "https://finance.yahoo.com/news/palantir-extends-sompo-collaboration-targeting-140439871.html",
      "text_sample": "Palantir Technologies Inc. (NASDAQ:PLTR) shares were trading relatively flat on Tuesday. The company said its long-running collaboration with SOMPO Holdings ...",
      "contribution_weight": "60.0%",
      "recency": "6 days ago"
    },
    {
      "source": "finance.yahoo.com",
      "url": "https://finance.yahoo.com/news/palantir-2-500-run-bulls-140000031.html",
      "text_sample": "(Bloomberg) -- Palantir Technologies Inc.’s meteoric rise is pushing the company’s valuation further into record territory, forcing bullish investors to bank...",
      "contribution_weight": "50.0%",
      "recency": "7 days ago"
    },
    {
      "source": "nz.finance.yahoo.com",
      "url": "https://nz.finance.yahoo.com/quote/PLTR/",
      "text_sample": "3 days ago ... Find the latest Palantir Technologies Inc. (PLTR) stock quote, history ... Earnings Growth & Price Strength Make Palantir Technologies Inc. (PLTR) a ...",
      "contribution_weight": "40.0%",
      "recency": "30 days ago"
    },
    {
      "source": "finance.yahoo.com",
      "url": "https://finance.yahoo.com/quote/PLTR/",
      "text_sample": "Aug 6, 2025 ... Find the latest Palantir Technologies Inc. (PLTR) stock quote, history ... Earnings Growth & Price Strength Make Palantir Technologies Inc. (PLTR) a ...",
      "contribution_weight": "30.0%",
      "recency": "23 days ago"
    },
    {
      "source": "biztoc.com",
      "url": "https://biztoc.com/x/cfb1d29ff329b38f",
      "text_sample": "Palantir Technologies Inc (NASDAQ:PLTR) shares are trading higher Monday ahead of earnings scheduled after the bell. Here’s what you need to know before the report.\nWhat To Know: Palantir is set to re...",
      "contribution_weight": "20.0%",
      "recency": "11 days ago"
    },
    {
      "source": "www.etfdailynews.com",
      "url": "https://www.etfdailynews.com/2025/08/08/palantir-technologies-nasdaqpltr-given-new-155-00-price-target-at-cantor-fitzgerald/",
      "text_sample": "Palantir Technologies (NASDAQ:PLTR – Free Report) had its price target raised by Cantor Fitzgerald from $110.00 to $155.00 in a research note published on Tuesday morning,Benzinga reports. Cantor Fitz...",
      "contribution_weight": "10.0%",
      "recency": "22 days ago"
    },
    {
      "source": "en.wikipedia.org",
      "url": "https://en.wikipedia.org/wiki/Palantir_Technologies",
      "text_sample": "Aug 22, 2025 ... Palantir Technologies Inc. is an American publicly traded company specializing in software platforms for data mining. Headquartered in Denver, Colorado, ...",
      "contribution_weight": "10.0%",
      "recency": "11 days ago"
    },
    {
      "source": "investors.palantir.com",