{
  "id": "401a57fe-2fa9-47a0-9a22-ba13338bdebd",
  "status": "success",
  "analysis_type": "comprehensive_rigorous",
  "source": "ticker_symbol",
  "source_type": "financial_ticker",
  "text": "GME",
  "timestamp": "2025-09-01T12:56:34.004781",
  "enhanced_summary": "Comprehensive analysis of 26 content units with 87.6% confidence. Sentiment: 0.026 (neutral)",
  "content_metrics": {
    "word_count": 1,
    "reading_level": "intermediate",
    "factual_density": 0.9965791596000958,
    "complexity_score": 1.0,
    "information_entropy": 1.0888999750452237,
    "recent_events_count": 26,
    "average_recency_weight": 0.38732430893542674
  },
  "mathematical_sentiment_analysis": {
    "composite_score": {
      "value": 0.025939001311064924,
      "confidence_interval": [
        -0.5766539107494193,
        0.5943572292191435
      ],
      "statistical_significance": 0.061864331897751645
    },
    "multi_model_validation": {
      "lexicon_based": {
        "vader_score": 0.9801,
        "textblob_score": 0.11810886045960668,
        "afinn_score": 0.031486146095717885,
        "consensus": 0.3765650021851082
      },
      "transformer_based": {
        "roberta_sentiment": 0.0,
        "consensus": 0.0
      },
      "all_models_consensus": 0.025939001311064924
    },
    "uncertainty_metrics": {
      "sentiment_entropy": 1.9343352043430855,
      "polarization_index": 0.6280402744044287,
      "model_agreement": 0.37195972559557133
    }
  },
  "emotion_vector_analysis": {
    "plutchik_coordinates": {
      "joy": 0.125,
      "trust": 0.125,
      "fear": 0.125,
      "surprise": 0.125,
      "sadness": 0.125,
      "disgust": 0.125,
      "anger": 0.125,
      "anticipation": 0.125
    },
    "dominant_emotions": [
      "anticipation",
      "anger",
      "disgust"
    ],
    "emotion_entropy": 2.9999999988458437,
    "emotional_coherence": 3.847188123629053e-10,
    "emotion_mathematics": {
      "vector_magnitude": 0.3535533905932738,
      "emotional_distance_from_neutral": 0.0,
      "primary_emotion_vector": [
        0.125,
        0.125,
        0.125
      ]
    }
  },
  "comprehensive_metrics": {
    "disagreement_index": 0.6280402744044287,
    "polarity_breakdown": {
      "positive": 0.171,
      "negative": 0.114,
      "neutral": 0.715,
      "wilson_ci": {
        "positive": [
          0.0711126801573278,
          0.2711126801573278
        ],
        "negative": [
          0.014075120104885208,
          0.21407512010488522
        ],
        "neutral": [
          0.614812199737787,
          0.814812199737787
        ]
      }
    },
    "sarcasm_rate": 0.0034208403999041854,
    "toxicity_rate": 0.0027183546923348714,
    "freshness_score": 0.38732430893542674,
    "novelty_score": 0.8925873966041497,
    "total_evidence_weight": 0.7704748382130513
  },
  "vad_analysis": {
    "valence": 0.513,
    "arousal": 0.361,
    "dominance": 0.6
  },
  "document_analysis": {
    "total_length": 3,
    "word_count": 1,
    "sentence_count": 1,
    "paragraph_count": 1,
    "file_type": "financial_ticker"
  },
  "context_sources": 26,
  "recent_developments_identified": 26,
  "source_citations": [
    {
      "source": "finance.yahoo.com",
      "url": "https://finance.yahoo.com/quote/GME.VI/earnings-calls/",
      "text_sample": "6 days ago ... Yahoo Finance provides transcripts for the latest GameStop Corp. (GME.VI) earnings call and access historical call transcripts to help inform your ...",
      "contribution_weight": "100.0%",
      "recency": "23 days ago"
    },
    {
      "source": "finance.yahoo.com",
      "url": "https://finance.yahoo.com/news/gamestop-corp-gme-trending-stock-130002986.html",
      "text_sample": "7 days ago ... GameStop Corp. (GME) Is a Trending Stock: Facts to Know Before Betting on It ... GameStop (GME) is one of the stocks most watched by Zacks.com visitors lately. So ...",
      "contribution_weight": "90.0%",
      "recency": "23 days ago"
    },
    {
      "source": "uk.finance.yahoo.com",
      "url": "https://uk.finance.yahoo.com/quote/GS2C.F/latest-news/",
      "text_sample": "4 days ago ... Find the latest GameStop Corp. (GS2C.F) stock quote, history, news and other ... Top Stocks Personal Finance Investing News Earnings Videos. About. Data ...",
      "contribution_weight": "80.0%",
      "recency": "21 days ago"
    },
    {
      "source": "www.etfdailynews.com",
      "url": "https://www.etfdailynews.com/2025/08/14/pnc-financial-services-group-inc-buys-4653-shares-of-gamestop-corp-nysegme/",
      "text_sample": "PNC Financial Services Group Inc. grew its position in GameStop Corp. (NYSE:GME – Free Report) by 24.9% in the first quarter, according to its most recent filing with the SEC. The fund owned 23,315 sh...",
      "contribution_weight": "70.0%",
      "recency": "21 days ago"
    },
    {
      "source": "www.etfdailynews.com",
      "url": "https://www.etfdailynews.com/2025/08/12/vanguard-group-inc-raises-holdings-in-gamestop-corp-nysegme/",
      "text_sample": "Vanguard Group Inc. raised its position in shares of GameStop Corp. (NYSE:GME – Free Report) by 0.2% in the 1st quarter, according to the company in its most recent disclosure with the Securities & Ex...",
      "contribution_weight": "60.0%",
      "recency": "1 days ago"
    },
    {
      "source": "www.payrollplus.ltd.uk",
      "url": "https://www.payrollplus.ltd.uk/blank/Is-GameStop-Corp.-stock-a-good-pick-for-beginners",
      "text_sample": "Aug 23, 2025 ... ✌️【Stock Market Education】✌️$100 is your gateway to financial freedom. Invest smart, earn big!If you want to give, give. Is GameStop Corp. stock a good pick for ...",
      "contribution_weight": "50.0%",
      "recency": "10 days ago"
    },
    {
      "source": "bradfordtaxinstitute.com",
      "url": "https://bradfordtaxinstitute.com/blank/[Risk-Management]-Stop-Loss-vs-Take-Profit:-Top-Picks-Update",
      "text_sample": "Aug 21, 2025 ... Tags:What makes GameStop Corp. stock price move sharply. Description. Product ... Of which, gaming revenue is 179.9 billion yuan, currently accounting for only ...",
      "contribution_weight": "40.0%",
      "recency": "16 days ago"
    },
    {
      "source": "www.marketwatch.com",
      "url": "https://www.marketwatch.com/investing/stock/gme/financials",
      "text_sample": "3 days ago ... GameStop Corp. Cl A Annual stock financials by MarketWatch. View the latest GME financial statements, income statements and financial ratios.",
      "contribution_weight": "30.0%",
      "recency": "7 days ago"
    },
    {
      "source": "www.datainsightsmarket.com",
      "url": "https://www.datainsightsmarket.com/companies/GME",
      "text_sample": "3 days ago ... Get the latest GameStop Corp. (GME) stock price, market cap, P/E ratio, revenue, earnings call summary, income statement, key executives, and financial ...",
      "contribution_weight": "20.0%",
      "recency": "7 days ago"
    },
    {
      "source": "www.investing.com",
      "url": "https://www.investing.com/equities/gamestop-corp-financial-summary",
      "text_sample": "3 days ago ... GameStop Corp's net income for the latest quarter was 44.80. How did GameStop Corp's performance compare year-over-year in the latest quarter? The company's ...",
      "contribution_weight": "10.0%",
      "recency": "20 days ago"
    },
    {
      "source": "csimarket.com",
      "url": "https://csimarket.com/stocks/competitionSEG2.php?code=GME",
      "text_sample": "Aug 16, 2025 ... Gamestop Corp News · Gamestop Corp latest News · Gamestop Corp's Business Segments · Gamestop Corp's Income Statement · Gamestop Corp's Balance Sheets ...",
      "contribution_weight": "10.0%",
      "recency": "11 days ago"
    },
    {
      "source": "de.finance.yahoo.com",
      "url": "https://de.finance.yahoo.com/quote/GS2C.F/",