{
  "id": "4602bb02-9d9d-4eb2-8a48-5af54a200178",
  "status": "success",
  "analysis_type": "comprehensive_rigorous",
  "source": "ticker_symbol",
  "source_type": "financial_ticker",
  "text": "KO",
  "timestamp": "2025-09-01T18:15:21.243596",
  "enhanced_summary": "Comprehensive analysis of 1 content units with 85.6% confidence. Sentiment: -0.004 (neutral)",
  "content_metrics": {
    "word_count": 1,
    "reading_level": "intermediate",
    "factual_density": 1.0,
    "complexity_score": 1.0,
    "information_entropy": 1.0888999750452237,
    "recent_events_count": 1,
    "average_recency_weight": 0.2
  },
  "mathematical_sentiment_analysis": {
    "composite_score": {
      "value": -0.0036533333333333305,
      "confidence_interval": [
        -0.05032,
        0.04968000000000001
      ],
      "statistical_significance": 0.09356501319687105
    },
    "multi_model_validation": {
      "lexicon_based": {
        "vader_score": -0.0516,
        "textblob_score": -0.06666666666666667,
        "afinn_score": 0.1,
        "consensus": -0.006088888888888884
      },
      "transformer_based": {
        "roberta_sentiment": 0.0,
        "consensus": 0.0
      },
      "all_models_consensus": -0.0036533333333333305
    },
    "uncertainty_metrics": {
      "sentiment_entropy": 2.319485083495747,
      "polarization_index": 0.05837854095851013,
      "model_agreement": 0.9416214590414899
    }
  },
  "emotion_vector_analysis": {
    "plutchik_coordinates": {
      "joy": 0.125,
      "trust": 0.125,
      "fear": 0.125,
      "surprise": 0.125,
      "sadness": 0.125,
      "disgust": 0.125,
      "anger": 0.125,
      "anticipation": 0.125
    },
    "dominant_emotions": [
      "anticipation",
      "anger",
      "disgust"
    ],
    "emotion_entropy": 2.9999999988458437,
    "emotional_coherence": 3.847188123629053e-10,
    "emotion_mathematics": {
      "vector_magnitude": 0.3535533905932738,
      "emotional_distance_from_neutral": 0.0,
      "primary_emotion_vector": [
        0.125,
        0.125,
        0.125
      ]
    }
  },
  "comprehensive_metrics": {
    "disagreement_index": 0.05837854095851013,
    "polarity_breakdown": {
      "positive": 0.112,
      "negative": 0.168,
      "neutral": 0.719,
      "wilson_ci": {
        "positive": [
          0.012292266666666662,
          0.21229226666666667
        ],
        "negative": [
          0.06843840000000001,
          0.2684384
        ],
        "neutral": [
          0.6192693333333333,
          0.8192693333333333
        ]
      }
    },
    "sarcasm_rate": 0.0,
    "toxicity_rate": 0.0,
    "freshness_score": 0.2,
    "novelty_score": 0.825,
    "total_evidence_weight": 0.0374176456691872
  },
  "vad_analysis": {
    "valence": 0.498,
    "arousal": 0.355,
    "dominance": 0.4
  },
  "document_analysis": {
    "total_length": 2,
    "word_count": 1,
    "sentence_count": 1,
    "paragraph_count": 1,
    "file_type": "financial_ticker"
  },
  "context_sources": 1,
  "recent_developments_identified": 1,
  "source_citations": [
    {
      "source": "reddit.com",
      "url": "https://reddit.com/r/investing/comments/1mxxv89/three_years_from_retirement_do_i_need_to_give_up/",
      "text_sample": "I have 2 or 3 years before I retire. I’m heavily invested in tech. stocks. Gains like yesterday make them so tempting, but I know I should be moving to bonds, which have such low yields. Do I have to ",
      "contribution_weight": "100.0%",
      "recency": "7 days ago"
    }
  ],
  "query_summary": {
    "query": "KO (Coca-Cola Co.)",
    "query_type": "Consumer Staples",
    "entities_detected": [
      "Years",
      "Market",
      "Gains",
      "Bonds",
      "Retirement",
      "Three"
    ],
    "recent_events": [
      {
        "event": "Found 1 related sources",
        "relevance": "high",
        "source_count": 1
      }
    ]
  },
  "calculation_methodology": {
    "sentiment_calculation": "Weighted average of VADER, TextBlob, and AFINN lexicon scores combined with transformer model outputs",
    "confidence_basis": "Based on agreement between 4 different sentiment models",
    "source_weighting": "Sources weighted by recency, domain authority, and retrieval relevance score",
    "accuracy_indicators": {
      "model_agreement": "94.2%",
      "source_diversity": "1 different source types",
      "temporal_coverage": "Analysis spans 1 days",
      "data_quality": "low"
    }
  },
  "explanatory_clusters": [
    {
      "cluster_id": "search_cluster_0",
      "weight": 0.0374176456691872,
      "sentiment": 0.07692307692307693,
      "unit_count": 1,
      "representative_text": "I have 2 or 3 years before I retire. I’m heavily invested in tech. stocks. Gains like yesterday make them so tempting, but I know I should be moving t...",
      "why_important": [
        "high language quality ✓",
        "low toxicity ✓"
      ],
      "avg_freshness": 0.2,
      "avg_quality": 0.6499999999999999,
      "sources": [
        "reddit.com"
      ]
    }
  ],
  "key_evidence": [],
  "weight_explanations": {
    "weight_range": {
      "min": 0.0374176456691872,
      "max": 0.0374176456691872,
      "mean": 0.0374176456691872,
      "std": 0.0
    },
    "factor_analysis": {
      "high_freshness_units": 0,
      "high_novelty_units": 1,
      "high_source_units": 0,
      "low_toxicity_units": 1
    },
    "weight_concentration": {
      "top_10_percent_weight_share": 1.0,
      "gini_coefficient": 0.0
    }
  }
}