{
  "id": "572c0094-31bd-4853-8d2f-2075446095c9",
  "status": "success",
  "analysis_type": "comprehensive_rigorous",
  "source": "ticker_symbol",
  "source_type": "financial_ticker",
  "text": "BBWI",
  "timestamp": "2025-09-01T15:51:38.394314",
  "enhanced_summary": "Comprehensive analysis of 13 content units with 88.1% confidence. Sentiment: 0.230 (positive)",
  "content_metrics": {
    "word_count": 1,
    "reading_level": "intermediate",
    "factual_density": 1.0,
    "complexity_score": 1.0,
    "information_entropy": 1.0888999750452237,
    "recent_events_count": 13,
    "average_recency_weight": 0.4350484930481159
  },
  "mathematical_sentiment_analysis": {
    "composite_score": {
      "value": 0.2304010340188353,
      "confidence_interval": [
        0.010743801652892562,
        0.614749133192389
      ],
      "statistical_significance": 0.7122769819582135
    },
    "multi_model_validation": {
      "lexicon_based": {
        "vader_score": 0.9743,
        "textblob_score": 0.15084566596194504,
        "afinn_score": 0.026859504132231406,
        "consensus": 0.3840017233647255
      },
      "transformer_based": {
        "roberta_sentiment": 0.0,
        "consensus": 0.0
      },
      "all_models_consensus": 0.2304010340188353
    },
    "uncertainty_metrics": {
      "sentiment_entropy": 2.2618246034997576,
      "polarization_index": 0.37611518329282845,
      "model_agreement": 0.6238848167071716
    }
  },
  "emotion_vector_analysis": {
    "plutchik_coordinates": {
      "joy": 0.125,
      "trust": 0.125,
      "fear": 0.125,
      "surprise": 0.125,
      "sadness": 0.125,
      "disgust": 0.125,
      "anger": 0.125,
      "anticipation": 0.125
    },
    "dominant_emotions": [
      "anticipation",
      "anger",
      "disgust"
    ],
    "emotion_entropy": 2.9999999988458437,
    "emotional_coherence": 3.847188123629053e-10,
    "emotion_mathematics": {
      "vector_magnitude": 0.3535533905932738,
      "emotional_distance_from_neutral": 0.0,
      "primary_emotion_vector": [
        0.125,
        0.125,
        0.125
      ]
    }
  },
  "comprehensive_metrics": {
    "disagreement_index": 0.37611518329282845,
    "polarity_breakdown": {
      "positive": 0.592,
      "negative": 0.127,
      "neutral": 0.281,
      "wilson_ci": {
        "positive": [
          0.49216041360753415,
          0.6921604136075341
        ],
        "negative": [
          0.026959896598116456,
          0.22695989659811647
        ],
        "neutral": [
          0.1808796897943494,
          0.3808796897943494
        ]
      }
    },
    "sarcasm_rate": 0.0,
    "toxicity_rate": 0.0,
    "freshness_score": 0.4350484930481159,
    "novelty_score": 0.8822418158585281,
    "total_evidence_weight": 0.4793349421962391
  },
  "vad_analysis": {
    "valence": 0.615,
    "arousal": 0.423,
    "dominance": 0.6
  },
  "document_analysis": {
    "total_length": 4,
    "word_count": 1,
    "sentence_count": 1,
    "paragraph_count": 1,
    "file_type": "financial_ticker"
  },
  "context_sources": 13,
  "recent_developments_identified": 13,
  "source_citations": [
    {
      "source": "www.etfdailynews.com",
      "url": "https://www.etfdailynews.com/2025/08/27/raymond-james-financial-inc-lowers-stock-position-in-bath-body-works-inc-bbwi/",
      "text_sample": "Raymond James Financial Inc. cut its position in shares of Bath & Body Works, Inc. (NYSE:BBWI – Free Report) by 1.0% during the first quarter, according to its most recent Form 13F filing with the SEC...",
      "contribution_weight": "100.0%",
      "recency": "24 days ago"
    },
    {
      "source": "www.etfdailynews.com",
      "url": "https://www.etfdailynews.com/2025/08/29/bath-body-works-inc-nysebbwi-receives-42-06-consensus-pt-from-brokerages/",
      "text_sample": "Bath & Body Works, Inc. (NYSE:BBWI – Get Free Report) has received an average recommendation of “Moderate Buy” from the fifteen ratings firms that are presently covering the company, MarketBeat.com re...",
      "contribution_weight": "90.0%",
      "recency": "4 days ago"
    },
    {
      "source": "www.etfdailynews.com",
      "url": "https://www.etfdailynews.com/2025/08/14/cetera-investment-advisers-grows-stock-holdings-in-bath-body-works-inc-nysebbwi/",
      "text_sample": "Cetera Investment Advisers raised its position in shares of Bath & Body Works, Inc. (NYSE:BBWI – Free Report) by 8.9% in the 1st quarter, according to the company in its most recent disclosure with th...",
      "contribution_weight": "80.0%",
      "recency": "27 days ago"
    },
    {
      "source": "www.etfdailynews.com",
      "url": "https://www.etfdailynews.com/2025/08/17/charles-schwab-investment-management-inc-decreases-holdings-in-bath-body-works-inc-nysebbwi/",
      "text_sample": "Charles Schwab Investment Management Inc. trimmed its stake in shares of Bath & Body Works, Inc. (NYSE:BBWI – Free Report) by 9.8% during the 1st quarter, according to the company in its most recent F...",
      "contribution_weight": "70.0%",
      "recency": "28 days ago"
    },
    {
      "source": "www.etfdailynews.com",
      "url": "https://www.etfdailynews.com/2025/08/13/vanguard-group-inc-sells-2174856-shares-of-bath-body-works-inc-nysebbwi/",
      "text_sample": "Vanguard Group Inc. reduced its position in shares of Bath & Body Works, Inc. (NYSE:BBWI – Free Report) by 7.7% in the first quarter, according to the company in its most recent disclosure with the Se...",
      "contribution_weight": "60.0%",
      "recency": "4 days ago"
    },
    {
      "source": "www.etfdailynews.com",
      "url": "https://www.etfdailynews.com/2025/08/08/federated-hermes-inc-invests-754000-in-bath-body-works-inc-nysebbwi/",
      "text_sample": "Federated Hermes Inc. purchased a new stake in shares of Bath & Body Works, Inc. (NYSE:BBWI – Free Report) in the 1st quarter, according to the company in its most recent disclosure with the Securitie...",
      "contribution_weight": "50.0%",
      "recency": "8 days ago"
    },
    {
      "source": "www.etfdailynews.com",
      "url": "https://www.etfdailynews.com/2025/08/30/traders-buy-large-volume-of-bath-body-works-put-options-nysebbwi/",
      "text_sample": "Bath & Body Works, Inc. (NYSE:BBWI – Get Free Report) was the target of some unusual options trading activity on Thursday. Investors acquired 19,206 put options on the company. Thisrepresentsanincreas...",
      "contribution_weight": "40.0%",
      "recency": "29 days ago"
    },
    {
      "source": "finance.yahoo.com",
      "url": "https://finance.yahoo.com/quote/BBWI/",
      "text_sample": "Aug 22, 2025 ... Select to analyze similar companies using key performance metrics; select up to 4 stocks. BBWI. Bath & Body Works, Inc.",
      "contribution_weight": "30.0%",
      "recency": "19 days ago"
    },
    {
      "source": "simplywall.st",
      "url": "https://simplywall.st/stocks/us/retail/nyse-bbwi/bath-body-works/news/bath-body-works-inc-earnings-missed-analyst-estimates-heres",
      "text_sample": "1 day ago ... Bath & Body Works, Inc. Earnings Missed Analyst Estimates: Here's What ... business following the latest results. Check out our latest analysis for ...",
      "contribution_weight": "20.0%",
      "recency": "18 days ago"
    },
    {
      "source": "investors.bbwinc.com",
      "url": "https://investors.bbwinc.com/events/event-details/q2-2025-earnings-conference-call",
      "text_sample": "5 days ago ... Business Resource Groups · Community Engagement · Foundation Volunteerism In ... Bath & Body Works, Inc. About Us · Personal Care and Home Fragrance Values ...",
      "contribution_weight": "10.0%",
      "recency": "10 days ago"
    },
    {
      "source": "investors.bbwinc.com",
      "url": "https://investors.bbwinc.com/news-releases/news-release-details/bath-body-works-reports-2025-second-quarter-results-and-updates",