{
  "id": "589e916f-923e-4164-a679-8111ae765b88",
  "status": "success",
  "analysis_type": "comprehensive_rigorous",
  "source": "ticker_symbol",
  "source_type": "financial_ticker",
  "text": "META",
  "timestamp": "2025-09-01T15:38:11.864277",
  "enhanced_summary": "Comprehensive analysis of 22 content units with 87.7% confidence. Sentiment: 0.439 (positive)",
  "content_metrics": {
    "word_count": 1,
    "reading_level": "intermediate",
    "factual_density": 1.0,
    "complexity_score": 1.0,
    "information_entropy": 1.0888999750452237,
    "recent_events_count": 22,
    "average_recency_weight": 0.3264885687775606
  },
  "mathematical_sentiment_analysis": {
    "composite_score": {
      "value": 0.4391282374529773,
      "confidence_interval": [
        0.04903679236627215,
        0.8298796825396826
      ],
      "statistical_significance": 0.8715858845410492
    },
    "multi_model_validation": {
      "lexicon_based": {
        "vader_score": 0.9967,
        "textblob_score": 0.15269841269841275,
        "afinn_score": 0.046242774566473986,
        "consensus": 0.3985470624216289
      },
      "transformer_based": {
        "roberta_sentiment": 0.0,
        "consensus": 0.0
      },
      "all_models_consensus": 0.4391282374529773
    },
    "uncertainty_metrics": {
      "sentiment_entropy": 2.250026058619939,
      "polarization_index": 0.4592816227103863,
      "model_agreement": 0.5407183772896137
    }
  },
  "emotion_vector_analysis": {
    "plutchik_coordinates": {
      "joy": 0.125,
      "trust": 0.125,
      "fear": 0.125,
      "surprise": 0.125,
      "sadness": 0.125,
      "disgust": 0.125,
      "anger": 0.125,
      "anticipation": 0.125
    },
    "dominant_emotions": [
      "anticipation",
      "anger",
      "disgust"
    ],
    "emotion_entropy": 2.9999999988458437,
    "emotional_coherence": 3.847188123629053e-10,
    "emotion_mathematics": {
      "vector_magnitude": 0.3535533905932738,
      "emotional_distance_from_neutral": 0.0,
      "primary_emotion_vector": [
        0.125,
        0.125,
        0.125
      ]
    }
  },
  "comprehensive_metrics": {
    "disagreement_index": 0.4592816227103863,
    "polarity_breakdown": {
      "positive": 0.676,
      "negative": 0.106,
      "neutral": 0.218,
      "wilson_ci": {
        "positive": [
          0.5756512949811909,
          0.7756512949811909
        ],
        "negative": [
          0.006087176254702259,
          0.20608717625470227
        ],
        "neutral": [
          0.11826152876410681,
          0.31826152876410685
        ]
      }
    },
    "sarcasm_rate": 0.0,
    "toxicity_rate": 0.0,
    "freshness_score": 0.3264885687775606,
    "novelty_score": 0.9125273726066166,
    "total_evidence_weight": 0.6258950616565029
  },
  "vad_analysis": {
    "valence": 0.72,
    "arousal": 0.485,
    "dominance": 0.6
  },
  "document_analysis": {
    "total_length": 4,
    "word_count": 1,
    "sentence_count": 1,
    "paragraph_count": 1,
    "file_type": "financial_ticker"
  },
  "context_sources": 22,
  "recent_developments_identified": 22,
  "source_citations": [
    {
      "source": "www.forbes.com",
      "url": "https://www.forbes.com/sites/greatspeculations/2025/08/18/meta-stock-path-to-2x-growth/",
      "text_sample": "The company’s evolution into an AI-driven advertising leader, together with Instagram’s revenue strength and substantial infrastructure spending, creates several...",
      "contribution_weight": "100.0%",
      "recency": "13 days ago"
    },
    {
      "source": "finance.yahoo.com",
      "url": "https://finance.yahoo.com/news/invested-10k-meta-platforms-stock-020108992.html",
      "text_sample": "Aug 6, 2025 ... Benzinga and Yahoo Finance LLC may earn commission or revenue on some items through the links below. Meta Platforms Inc. (NASDAQ:META) owns and operates ...",
      "contribution_weight": "90.0%",
      "recency": "17 days ago"
    },
    {
      "source": "finance.yahoo.com",
      "url": "https://finance.yahoo.com/news/wall-street-analysts-predicting-meta-162241236.html",
      "text_sample": "Aug 4, 2025 ... With a market cap of $1.9 trillion, Meta Platforms, Inc. (META) is a global ... Options Traders Expected Palantir Stock's Tamest Earnings Reaction in a Year.",
      "contribution_weight": "80.0%",
      "recency": "27 days ago"
    },
    {
      "source": "www.cnn.com",
      "url": "https://www.cnn.com/markets/stocks/META",
      "text_sample": "3 days ago ... View Meta Platforms Inc Class A META stock quote prices, financial information, real-time forecasts, and company news from CNN ... earnings date. Dividend ...",
      "contribution_weight": "70.0%",
      "recency": "10 days ago"
    },
    {
      "source": "www.etfdailynews.com",
      "url": "https://www.etfdailynews.com/2025/08/02/william-blair-lifts-earnings-estimates-for-meta-platforms/",
      "text_sample": "Meta Platforms, Inc. (NASDAQ:META – Free Report) – Equities researchers at William Blair increased their Q1 2026 earnings estimates for shares of Meta Platforms in a research report issued on Wednesda...",
      "contribution_weight": "60.0%",
      "recency": "24 days ago"
    },
    {
      "source": "www.etfdailynews.com",
      "url": "https://www.etfdailynews.com/2025/08/05/q3-eps-estimates-for-meta-platforms-lifted-by-roth-capital/",
      "text_sample": "Meta Platforms, Inc. (NASDAQ:META – Free Report) – Analysts at Roth Capital increased their Q3 2025 earnings per share (EPS) estimates for shares of Meta Platforms in a research report issued on Wedne...",
      "contribution_weight": "50.0%",
      "recency": "28 days ago"
    },
    {
      "source": "www.etfdailynews.com",
      "url": "https://www.etfdailynews.com/2025/08/04/wedbush-analysts-boost-earnings-estimates-for-meta-platforms/",
      "text_sample": "Meta Platforms, Inc. (NASDAQ:META – Free Report) – Investment analysts at Wedbush boosted their Q3 2025 earnings per share estimates for shares of Meta Platforms in a research note issued on Thursday,...",
      "contribution_weight": "40.0%",
      "recency": "13 days ago"
    },
    {
      "source": "www.etfdailynews.com",
      "url": "https://www.etfdailynews.com/2025/08/14/meta-platforms-inc-nasdaqmeta-stock-position-boosted-by-smart-money-group-llc/",
      "text_sample": "Smart Money Group LLC raised its holdings in Meta Platforms, Inc. (NASDAQ:META – Free Report) by 20.4% in the first quarter, according to its most recent 13F filing with the Securities and Exchange Co...",
      "contribution_weight": "30.0%",
      "recency": "13 days ago"
    },
    {
      "source": "www.etfdailynews.com",
      "url": "https://www.etfdailynews.com/2025/08/02/da-davidson-weighs-in-on-meta-platforms-q3-earnings/",
      "text_sample": "Meta Platforms, Inc. (NASDAQ:META – Free Report) – DA Davidson issued their Q3 2025 earnings per share estimates for Meta Platforms in a note issued to investors on Thursday, July 31st. DA Davidson an...",
      "contribution_weight": "20.0%",
      "recency": "13 days ago"
    },
    {
      "source": "www.etfdailynews.com",
      "url": "https://www.etfdailynews.com/2025/08/04/fy2025-eps-estimate-for-meta-platforms-increased-by-analyst/",
      "text_sample": "Meta Platforms, Inc. (NASDAQ:META – Free Report) – Equities researchers at DA Davidson upped their FY2025 earnings per share (EPS) estimates for shares of Meta Platforms in a report released on Thursd...",
      "contribution_weight": "10.0%",
      "recency": "7 days ago"
    },
    {
      "source": "www.morningstar.com",
      "url": "https://www.morningstar.com/news/marketwatch/2025082688/metas-gravity-defying-growth-means-its-getting-closer-to-this-intriguing-milestone",
      "text_sample": "6 days ago ... A shake-up is coming to the digital-advertising industry, as Meta Platforms Inc ... revenue performance.\" Meta's second-quarter 2025 earnings blew ...",
      "contribution_weight": "10.0%",