{
  "id": "6e0e7fdd-21ed-40c3-96be-c976d87570a9",
  "status": "success",
  "analysis_type": "comprehensive_rigorous",
  "source": "ticker_symbol",
  "source_type": "financial_ticker",
  "text": "MSFT",
  "timestamp": "2025-09-01T22:38:03.860936",
  "enhanced_summary": "Comprehensive analysis of 9 content units with 85.6% confidence. Sentiment: 0.197 (positive)",
  "content_metrics": {
    "word_count": 1,
    "reading_level": "intermediate",
    "factual_density": 0.9971359788307368,
    "complexity_score": 1.0,
    "information_entropy": 1.0888999750452237,
    "recent_events_count": 9,
    "average_recency_weight": 0.3283975194663027
  },
  "mathematical_sentiment_analysis": {
    "composite_score": {
      "value": 0.19699558298145392,
      "confidence_interval": [
        -0.054609064970918136,
        0.6029232786885246
      ],
      "statistical_significance": 0.6114812282433316
    },
    "multi_model_validation": {
      "lexicon_based": {
        "vader_score": 0.9977,
        "textblob_score": 0.10212515782828285,
        "afinn_score": 0.02151639344262295,
        "consensus": 0.37378051709030197
      },
      "transformer_based": {
        "roberta_sentiment": 0.0,
        "consensus": 0.0
      },
      "all_models_consensus": 0.19699558298145392
    },
    "uncertainty_metrics": {
      "sentiment_entropy": 2.247558683232004,
      "polarization_index": 0.4076411499835435,
      "model_agreement": 0.5923588500164565
    }
  },
  "emotion_vector_analysis": {
    "plutchik_coordinates": {
      "joy": 0.125,
      "trust": 0.125,
      "fear": 0.125,
      "surprise": 0.125,
      "sadness": 0.125,
      "disgust": 0.125,
      "anger": 0.125,
      "anticipation": 0.125
    },
    "dominant_emotions": [
      "anticipation",
      "anger",
      "disgust"
    ],
    "emotion_entropy": 2.9999999988458437,
    "emotional_coherence": 3.847188123629053e-10,
    "emotion_mathematics": {
      "vector_magnitude": 0.3535533905932738,
      "emotional_distance_from_neutral": 0.0,
      "primary_emotion_vector": [
        0.125,
        0.125,
        0.125
      ]
    }
  },
  "comprehensive_metrics": {
    "disagreement_index": 0.4076411499835435,
    "polarity_breakdown": {
      "positive": 0.579,
      "negative": 0.13,
      "neutral": 0.291,
      "wilson_ci": {
        "positive": [
          0.47879823319258163,
          0.6787982331925816
        ],
        "negative": [
          0.030300441701854586,
          0.2303004417018546
        ],
        "neutral": [
          0.19090132510556376,
          0.39090132510556375
        ]
      }
    },
    "sarcasm_rate": 0.002864021169263155,
    "toxicity_rate": 0.0,
    "freshness_score": 0.3283975194663027,
    "novelty_score": 0.742110975598714,
    "total_evidence_weight": 0.18863539604367646
  },
  "vad_analysis": {
    "valence": 0.598,
    "arousal": 0.413,
    "dominance": 0.6
  },
  "document_analysis": {
    "total_length": 4,
    "word_count": 1,
    "sentence_count": 1,
    "paragraph_count": 1,
    "file_type": "financial_ticker"
  },
  "context_sources": 9,
  "recent_developments_identified": 9,
  "source_citations": [
    {
      "source": "reddit.com",
      "url": "https://reddit.com/r/investing/comments/1n4mk1t/whats_your_highest_earning_stock_ever/",
      "text_sample": "What's your highest earning stock ever?\nWhat has been your highest earning stock investment ever? Please share the stock ticker, the price you bought it at back then vs what it trades at now, and roug...",
      "contribution_weight": "100.0%",
      "recency": "1 days ago"
    },
    {
      "source": "reddit.com",
      "url": "https://reddit.com/r/investing/comments/1n2ccop/what_to_have_invested_in_one_stock/",
      "text_sample": "What % to have invested in one stock\nHi all. About ten years ago when I was still a college student, my family member, who was a financial advisor, invested some of my money for me in various stocks. ...",
      "contribution_weight": "90.0%",
      "recency": "4 days ago"
    },
    {
      "source": "reddit.com",
      "url": "https://reddit.com/r/investing/comments/1n4ymkz/sunday_discussion_single_stock_portfolio/",
      "text_sample": "Sunday discussion: Single stock portfolio\nThe market is closed and everyone is out on the long holiday, \n\nImagine that you must close all positions in your portfolio, buy only one company shares, and ...",
      "contribution_weight": "80.0%",
      "recency": "1 days ago"
    },
    {
      "source": "reddit.com",
      "url": "https://reddit.com/r/stocks/comments/1n2ndkr/nvidias_top_two_mystery_customers_made_up_39_of/",
      "text_sample": "Nvidia’s top two mystery customers made up 39% of the chipmaker’s Q2 revenue\nhttps://www.cnbc.com/2025/08/28/nvidias-top-two-mystery-customers-made-up-39percent-of-its-q2-revenue-.html\n\n> Two Nvidia c...",
      "contribution_weight": "70.0%",
      "recency": "4 days ago"
    },
    {
      "source": "reddit.com",
      "url": "https://reddit.com/r/stocks/comments/1mwjnr5/mag_7_ai_deals_are_creating_zombie_startups_you/",
      "text_sample": "Mag 7 AI deals are creating zombie startups: ‘You hollowed out the organization’\nhttps://www.cnbc.com/2025/08/19/how-ai-zombie-deals-work-meta-google.html\n\n> Jeff Wang got a big promotion last month. ...",
      "contribution_weight": "60.0%",
      "recency": "11 days ago"
    },
    {
      "source": "reddit.com",
      "url": "https://reddit.com/r/gadgets/comments/1mzz5bd/console_repairer_encounters_xbox_360_that/",
      "text_sample": "Console repairer encounters Xbox 360 that Microsoft banned over 'bad debt' from unpaid bills — Microsoft MVP chimes in with an elegant official solution\n\nHe suggests to update the console to the lates...",
      "contribution_weight": "50.0%",
      "recency": "7 days ago"
    },
    {
      "source": "reddit.com",
      "url": "https://reddit.com/r/gadgets/comments/1n061e5/report_reveals_major_details_about_apples/",
      "text_sample": "Report Reveals Major Details About Apple's Foldable iPhone\n\nTL;DR - They are trying to make a foldable screen that doesn't have a crease.\n\"And the third iPhone, which Gurman says won’t be coming until...",
      "contribution_weight": "40.0%",
      "recency": "7 days ago"
    },
    {
      "source": "reddit.com",
      "url": "https://reddit.com/r/microsoft/comments/1muybtv/microsoft_employees_occupy_headquarters_in/",
      "text_sample": "Microsoft employees occupy headquarters in protest of Israel contracts\n\nThey will be fired and probably won't get hired at a similar company so I hope they have a plan\nNon-paywall version:\n\n[https://w...",
      "contribution_weight": "30.0%",
      "recency": "13 days ago"
    },
    {
      "source": "reddit.com",
      "url": "https://reddit.com/r/microsoft/comments/1mzrpt2/youll_be_surprised_by_what_microsoft_really_pays/",
      "text_sample": "You’ll be surprised by what Microsoft really pays its engineers, leaked data shows some earn less than you’d guess\n\nIt used to be they did that as they had a way better work / life balance and were le...",
      "contribution_weight": "20.0%",
      "recency": "7 days ago"
    }
  ],
  "query_summary": {
    "query": "MSFT (Microsoft Corporation)",
    "query_type": "Technology, Microsoft, you, that, nvidia, have, was, for",
    "entities_detected": [
      "Microsoft",
      "Stock",
      "Nvidia",
      "Company",
      "About",
      "Less",
      "Made",
      "Revenue",
      "Just",
      "Stocks"
    ],
    "recent_events": [
      {
        "event": "Found 9 related sources",
        "relevance": "high",
        "source_count": 9
      }
    ]
  },
  "calculation_methodology": {
    "sentiment_calculation": "Weighted average of VADER, TextBlob, and AFINN lexicon scores combined with transformer model outputs",
    "confidence_basis": "Based on agreement between VADER, TextBlob, AFINN, and RoBERTa (cardiffnlp/twitter-roberta-base-sentiment-latest)",