{
  "id": "70359621-9d8b-4dec-a2dc-a4cd821207f3",
  "status": "success",
  "analysis_type": "comprehensive_rigorous",
  "source": "ticker_symbol",
  "source_type": "financial_ticker",
  "text": "META",
  "timestamp": "2025-09-01T12:07:21.506449",
  "enhanced_summary": "Comprehensive analysis of 21 content units with 87.7% confidence. Sentiment: 0.445 (positive)",
  "content_metrics": {
    "word_count": 1,
    "reading_level": "intermediate",
    "factual_density": 1.0,
    "complexity_score": 1.0,
    "information_entropy": 1.0888999750452237,
    "recent_events_count": 21,
    "average_recency_weight": 0.2993502820940795
  },
  "mathematical_sentiment_analysis": {
    "composite_score": {
      "value": 0.44529935177917324,
      "confidence_interval": [
        0.04581935177917322,
        0.8339963690476189
      ],
      "statistical_significance": 0.8779177810384278
    },
    "multi_model_validation": {
      "lexicon_based": {
        "vader_score": 0.9974,
        "textblob_score": 0.17258184523809528,
        "afinn_score": 0.0565149136577708,
        "consensus": 0.40883225296528863
      },
      "transformer_based": {
        "roberta_sentiment": 0.0,
        "consensus": 0.0
      },
      "all_models_consensus": 0.44529935177917324
    },
    "uncertainty_metrics": {
      "sentiment_entropy": 2.251791192441213,
      "polarization_index": 0.45526423652572834,
      "model_agreement": 0.5447357634742717
    }
  },
  "emotion_vector_analysis": {
    "plutchik_coordinates": {
      "joy": 0.125,
      "trust": 0.125,
      "fear": 0.125,
      "surprise": 0.125,
      "sadness": 0.125,
      "disgust": 0.125,
      "anger": 0.125,
      "anticipation": 0.125
    },
    "dominant_emotions": [
      "anticipation",
      "anger",
      "disgust"
    ],
    "emotion_entropy": 2.9999999988458437,
    "emotional_coherence": 3.847188123629053e-10,
    "emotion_mathematics": {
      "vector_magnitude": 0.3535533905932738,
      "emotional_distance_from_neutral": 0.0,
      "primary_emotion_vector": [
        0.125,
        0.125,
        0.125
      ]
    }
  },
  "comprehensive_metrics": {
    "disagreement_index": 0.45526423652572834,
    "polarity_breakdown": {
      "positive": 0.678,
      "negative": 0.105,
      "neutral": 0.216,
      "wilson_ci": {
        "positive": [
          0.5781197407116693,
          0.7781197407116692
        ],
        "negative": [
          0.0054700648220826625,
          0.2054700648220827
        ],
        "neutral": [
          0.11641019446624809,
          0.3164101944662481
        ]
      }
    },
    "sarcasm_rate": 0.0,
    "toxicity_rate": 0.0,
    "freshness_score": 0.2993502820940795,
    "novelty_score": 0.9323320385296274,
    "total_evidence_weight": 0.6819651319807217
  },
  "vad_analysis": {
    "valence": 0.723,
    "arousal": 0.487,
    "dominance": 0.6
  },
  "document_analysis": {
    "total_length": 4,
    "word_count": 1,
    "sentence_count": 1,
    "paragraph_count": 1,
    "file_type": "financial_ticker"
  },
  "context_sources": 21,
  "recent_developments_identified": 21,
  "source_citations": [
    {
      "source": "www.forbes.com",
      "url": "https://www.forbes.com/sites/greatspeculations/2025/08/18/meta-stock-path-to-2x-growth/",
      "text_sample": "The company’s evolution into an AI-driven advertising leader, together with Instagram’s revenue strength and substantial infrastructure spending, creates several...",
      "contribution_weight": "100.0%",
      "recency": "11 days ago"
    },
    {
      "source": "bradfordtaxinstitute.com",
      "url": "https://bradfordtaxinstitute.com/video/Is-Meta-Platforms-Inc.-stock-showing-strong-momentum",
      "text_sample": "Aug 13, 2025 ... Is Meta Platforms Inc. stock showing strong momentum ✌️【Real-Time Stock Group】✌️Invest $100 in our safe platform and start earning passive income every month.",
      "contribution_weight": "90.0%",
      "recency": "25 days ago"
    },
    {
      "source": "hispo.ru",
      "url": "https://hispo.ru/LatestCon/why-meta-platforms-inc.-stock-attracts-strong-analyst-attention",
      "text_sample": "Aug 14, 2025 ... why meta platforms inc. stock attracts strong analyst attention - Maximize Dividend Income with Government-Registered U.S. Investment Firms.",
      "contribution_weight": "80.0%",
      "recency": "21 days ago"
    },
    {
      "source": "www.cnn.com",
      "url": "https://www.cnn.com/markets/stocks/META",
      "text_sample": "3 days ago ... View Meta Platforms Inc Class A META stock quote prices, financial information, real-time forecasts, and company news from CNN ... earnings date. Dividend ...",
      "contribution_weight": "70.0%",
      "recency": "5 days ago"
    },
    {
      "source": "finance.yahoo.com",
      "url": "https://finance.yahoo.com/quote/META/",
      "text_sample": "Aug 11, 2025 ... Find the latest Meta Platforms, Inc. (META) stock quote, history, news and other vital information to help you with your stock trading and investing.",
      "contribution_weight": "60.0%",
      "recency": "21 days ago"
    },
    {
      "source": "www.etfdailynews.com",
      "url": "https://www.etfdailynews.com/2025/08/02/william-blair-lifts-earnings-estimates-for-meta-platforms/",
      "text_sample": "Meta Platforms, Inc. (NASDAQ:META – Free Report) – Equities researchers at William Blair increased their Q1 2026 earnings estimates for shares of Meta Platforms in a research report issued on Wednesda...",
      "contribution_weight": "50.0%",
      "recency": "16 days ago"
    },
    {
      "source": "www.etfdailynews.com",
      "url": "https://www.etfdailynews.com/2025/08/05/q3-eps-estimates-for-meta-platforms-lifted-by-roth-capital/",
      "text_sample": "Meta Platforms, Inc. (NASDAQ:META – Free Report) – Analysts at Roth Capital increased their Q3 2025 earnings per share (EPS) estimates for shares of Meta Platforms in a research report issued on Wedne...",
      "contribution_weight": "40.0%",
      "recency": "5 days ago"
    },
    {
      "source": "www.etfdailynews.com",
      "url": "https://www.etfdailynews.com/2025/08/04/wedbush-analysts-boost-earnings-estimates-for-meta-platforms/",
      "text_sample": "Meta Platforms, Inc. (NASDAQ:META – Free Report) – Investment analysts at Wedbush boosted their Q3 2025 earnings per share estimates for shares of Meta Platforms in a research note issued on Thursday,...",
      "contribution_weight": "30.0%",
      "recency": "5 days ago"
    },
    {
      "source": "www.etfdailynews.com",
      "url": "https://www.etfdailynews.com/2025/08/14/meta-platforms-inc-nasdaqmeta-stock-position-boosted-by-smart-money-group-llc/",
      "text_sample": "Smart Money Group LLC raised its holdings in Meta Platforms, Inc. (NASDAQ:META – Free Report) by 20.4% in the first quarter, according to its most recent 13F filing with the Securities and Exchange Co...",
      "contribution_weight": "20.0%",
      "recency": "6 days ago"
    },
    {
      "source": "www.etfdailynews.com",
      "url": "https://www.etfdailynews.com/2025/08/02/da-davidson-weighs-in-on-meta-platforms-q3-earnings/",
      "text_sample": "Meta Platforms, Inc. (NASDAQ:META – Free Report) – DA Davidson issued their Q3 2025 earnings per share estimates for Meta Platforms in a note issued to investors on Thursday, July 31st. DA Davidson an...",
      "contribution_weight": "10.0%",
      "recency": "29 days ago"
    },
    {
      "source": "www.morningstar.com",
      "url": "https://www.morningstar.com/news/marketwatch/2025082688/metas-gravity-defying-growth-means-its-getting-closer-to-this-intriguing-milestone",
      "text_sample": "6 days ago ... A shake-up is coming to the digital-advertising industry, as Meta Platforms Inc ... revenue performance.\" Meta's second-quarter 2025 earnings blew ...",
      "contribution_weight": "10.0%",
      "recency": "10 days ago"
    },
    {
      "source": "www.tradingview.com",