{
  "id": "77395782-c4ab-4332-a5a7-d3605c2386fe",
  "status": "success",
  "analysis_type": "comprehensive_rigorous",
  "source": "ticker_symbol",
  "source_type": "financial_ticker",
  "text": "NFLX",
  "timestamp": "2025-09-01T21:07:23.294038",
  "enhanced_summary": "Comprehensive analysis of 21 content units with 86.9% confidence. Sentiment: -0.009 (neutral)",
  "content_metrics": {
    "word_count": 1,
    "reading_level": "intermediate",
    "factual_density": 0.9998614201847491,
    "complexity_score": 1.0,
    "information_entropy": 1.0888999750452237,
    "recent_events_count": 21,
    "average_recency_weight": 0.4561302126146381
  },
  "mathematical_sentiment_analysis": {
    "composite_score": {
      "value": -0.009259545203856013,
      "confidence_interval": [
        -0.4256961538336819,
        0.36287660862982596
      ],
      "statistical_significance": 0.032656565963865236
    },
    "multi_model_validation": {
      "lexicon_based": {
        "vader_score": -0.7339,
        "textblob_score": 0.07321923083159038,
        "afinn_score": 0.014383043149129448,
        "consensus": -0.21543257533976004
      },
      "transformer_based": {
        "roberta_sentiment": 0.0,
        "consensus": 0.0
      },
      "all_models_consensus": -0.009259545203856013
    },
    "uncertainty_metrics": {
      "sentiment_entropy": 2.1657890984574197,
      "polarization_index": 0.425146666882592,
      "model_agreement": 0.5748533331174079
    }
  },
  "emotion_vector_analysis": {
    "plutchik_coordinates": {
      "joy": 0.125,
      "trust": 0.125,
      "fear": 0.125,
      "surprise": 0.125,
      "sadness": 0.125,
      "disgust": 0.125,
      "anger": 0.125,
      "anticipation": 0.125
    },
    "dominant_emotions": [
      "anticipation",
      "anger",
      "disgust"
    ],
    "emotion_entropy": 2.9999999988458437,
    "emotional_coherence": 3.847188123629053e-10,
    "emotion_mathematics": {
      "vector_magnitude": 0.3535533905932738,
      "emotional_distance_from_neutral": 0.0,
      "primary_emotion_vector": [
        0.125,
        0.125,
        0.125
      ]
    }
  },
  "comprehensive_metrics": {
    "disagreement_index": 0.425146666882592,
    "polarity_breakdown": {
      "positive": 0.113,
      "negative": 0.169,
      "neutral": 0.718,
      "wilson_ci": {
        "positive": [
          0.01274076361630852,
          0.21274076361630853
        ],
        "negative": [
          0.06911114542446276,
          0.2691111454244628
        ],
        "neutral": [
          0.6181480909592287,
          0.8181480909592287
        ]
      }
    },
    "sarcasm_rate": 0.00013857981525091807,
    "toxicity_rate": 0.001915439977138389,
    "freshness_score": 0.4561302126146381,
    "novelty_score": 0.9078155067223516,
    "total_evidence_weight": 0.7893978923860023
  },
  "vad_analysis": {
    "valence": 0.495,
    "arousal": 0.356,
    "dominance": 0.4
  },
  "document_analysis": {
    "total_length": 4,
    "word_count": 1,
    "sentence_count": 1,
    "paragraph_count": 1,
    "file_type": "financial_ticker"
  },
  "context_sources": 21,
  "recent_developments_identified": 21,
  "source_citations": [
    {
      "source": "finance.yahoo.com",
      "url": "https://finance.yahoo.com/news/netflixs-6-billion-uk-spend-171521982.html",
      "text_sample": "Netflix (NASDAQ:NFLX) stock traded higher on Friday, backed by investor optimism over its U.K. financial arms results and FIFA Womens World Cup deal win.\r\nThe streaming giants U.K. unit grew revenue …...",
      "contribution_weight": "100.0%",
      "recency": "24 days ago"
    },
    {
      "source": "www.etfdailynews.com",
      "url": "https://www.etfdailynews.com/2025/08/31/jump-financial-llc-has-869000-stake-in-netflix-inc-nflx/",
      "text_sample": "Jump Financial LLC trimmed its position in shares of Netflix, Inc. (NASDAQ:NFLX – Free Report) by 95.7% during the first quarter, according to its most recent disclosure with the Securities &amp; Exc…...",
      "contribution_weight": "90.0%",
      "recency": "1 days ago"
    },
    {
      "source": "biztoc.com",
      "url": "https://biztoc.com/x/af067ae4b9cf6f43",
      "text_sample": "On CNBC's Halftime Report Final Trades, Blue Line Capitals Bill Baruch named Netflix, Inc. (NASDAQ:NFLX) as his final trade.On the earnings front, Netflix, on July 17, reported upbeat second-quarter …...",
      "contribution_weight": "80.0%",
      "recency": "28 days ago"
    },
    {
      "source": "www.etfdailynews.com",
      "url": "https://www.etfdailynews.com/2025/08/25/netflix-inc-nasdaqnflx-receives-1297-66-average-pt-from-brokerages/",
      "text_sample": "Shares of Netflix, Inc. (NASDAQ:NFLX – Get Free Report) have been assigned a consensus rating of “Moderate Buy” from the thirty-six brokerages that are presently covering the stock, MarketBeat.com re…...",
      "contribution_weight": "70.0%",
      "recency": "7 days ago"
    },
    {
      "source": "www.etfdailynews.com",
      "url": "https://www.etfdailynews.com/2025/08/06/intrust-bank-na-has-3-13-million-position-in-netflix-inc-nasdaqnflx/",
      "text_sample": "Intrust Bank NA raised its position in shares of Netflix, Inc. (NASDAQ:NFLX – Free Report) by 4.2% during the 1st quarter, Holdings Channel.com reports. The firm owned 3,361 shares of the Internet te…...",
      "contribution_weight": "60.0%",
      "recency": "26 days ago"
    },
    {
      "source": "www.etfdailynews.com",
      "url": "https://www.etfdailynews.com/2025/08/27/netflix-nasdaqnflx-stock-price-up-1-6-after-analyst-upgrade/",
      "text_sample": "Netflix, Inc. (NASDAQ:NFLX – Get Free Report)’s share price was up 1.6% during trading on Monday after Wall Street Zen upgraded the stock from a hold rating to a buy rating. The company traded as hig…...",
      "contribution_weight": "50.0%",
      "recency": "5 days ago"
    },
    {
      "source": "www.etfdailynews.com",
      "url": "https://www.etfdailynews.com/2025/08/12/netflix-nasdaqnflx-downgraded-by-wall-street-zen-to-hold/",
      "text_sample": "Wall Street Zen cut shares of Netflix (NASDAQ:NFLX – Free Report) from a buy rating to a hold rating in a report released on Saturday morning.\r\nOther analysts also recently issued research reports ab…...",
      "contribution_weight": "40.0%",
      "recency": "20 days ago"
    },
    {
      "source": "www.etfdailynews.com",
      "url": "https://www.etfdailynews.com/2025/08/30/netflix-nasdaqnflx-downgraded-to-hold-rating-by-wall-street-zen/",
      "text_sample": "Netflix (NASDAQ:NFLX – Get Free Report) was downgraded by research analysts at Wall Street Zen from a “buy” rating to a “hold” rating in a research note issued on Saturday.\r\nSeveral other analysts ha…...",
      "contribution_weight": "30.0%",
      "recency": "2 days ago"
    },
    {
      "source": "www.etfdailynews.com",
      "url": "https://www.etfdailynews.com/2025/08/23/netflix-nasdaqnflx-raised-to-buy-at-wall-street-zen/",
      "text_sample": "Netflix (NASDAQ:NFLX – Get Free Report) was upgraded by analysts at Wall Street Zen from a “hold” rating to a “buy” rating in a research note issued on Friday.\r\nNFLX has been the subject of several o…...",
      "contribution_weight": "20.0%",
      "recency": "9 days ago"
    },
    {
      "source": "finance.yahoo.com",
      "url": "https://finance.yahoo.com/news/jim-cramer-netflix-very-highly-170128722.html",
      "text_sample": "Netflix, Inc. (NASDAQ:NFLX) is one of the stocks Jim Cramer put under the spotlight. When a caller highlighted that the stock is receiving some hate despite the fundamentals looking good after the re…...",
      "contribution_weight": "10.0%",
      "recency": "25 days ago"
    },
    {
      "source": "finance.yahoo.com",
      "url": "https://finance.yahoo.com/news/netflix-nflx-secures-broadcasting-rights-142032301.html",