{
  "id": "80833226-767d-4284-8ece-f0e36ac3c2b2",
  "status": "success",
  "analysis_type": "comprehensive_rigorous",
  "source": "ticker_symbol",
  "source_type": "financial_ticker",
  "text": "AAPL",
  "timestamp": "2025-08-31T18:25:35.691015",
  "enhanced_summary": "Comprehensive analysis of 10 content units with 88.1% confidence. Sentiment: 0.000 (neutral)",
  "content_metrics": {
    "word_count": 1,
    "reading_level": "intermediate",
    "factual_density": 1.0,
    "complexity_score": 1.0,
    "information_entropy": 1.0888999750452237,
    "recent_events_count": 10,
    "average_recency_weight": 0.5743063976482373
  },
  "mathematical_sentiment_analysis": {
    "composite_score": {
      "value": 0.30152924308985607,
      "confidence_interval": [
        0.05053141872691119,
        0.6639569649805448
      ],
      "statistical_significance": 0.8266929347452747
    },
    "multi_model_validation": {
      "lexicon_based": {
        "vader_score": 0.9957,
        "textblob_score": 0.10509259259259258,
        "afinn_score": 0.0741687979539642,
        "consensus": 0.39165379684885226
      },
      "transformer_based": {
        "roberta_sentiment": 0.0,
        "consensus": 0.0
      },
      "all_models_consensus": 0.30152924308985607
    },
    "uncertainty_metrics": {
      "sentiment_entropy": 2.2700477145618168,
      "polarization_index": 0.3644293413370051,
      "model_agreement": 0.6355706586629949
    }
  },
  "emotion_vector_analysis": {
    "plutchik_coordinates": {
      "joy": 0.125,
      "trust": 0.125,
      "fear": 0.125,
      "surprise": 0.125,
      "sadness": 0.125,
      "disgust": 0.125,
      "anger": 0.125,
      "anticipation": 0.125
    },
    "dominant_emotions": [
      "anticipation",
      "anger",
      "disgust"
    ],
    "emotion_entropy": 2.9999999988458437,
    "emotional_coherence": 3.847188123629053e-10,
    "emotion_mathematics": {
      "vector_magnitude": 0.3535533905932738,
      "emotional_distance_from_neutral": 0.0,
      "primary_emotion_vector": [
        0.125,
        0.125,
        0.125
      ]
    }
  },
  "comprehensive_metrics": {
    "disagreement_index": 0.3644293413370051,
    "polarity_breakdown": {
      "positive": 0.621,
      "negative": 0.12,
      "neutral": 0.26,
      "wilson_ci": {
        "positive": [
          0.5206116972359425,
          0.7206116972359424
        ],
        "negative": [
          0.019847075691014376,
          0.2198470756910144
        ],
        "neutral": [
          0.15954122707304316,
          0.35954122707304315
        ]
      }
    },
    "sarcasm_rate": 0.0,
    "toxicity_rate": 0.0,
    "freshness_score": 0.5743063976482373,
    "novelty_score": 0.9082955390371483,
    "total_evidence_weight": 0.5506634755259766
  },
  "vad_analysis": {
    "valence": 0.651,
    "arousal": 0.444,
    "dominance": 0.6
  },
  "document_analysis": {
    "total_length": 4,
    "word_count": 1,
    "sentence_count": 1,
    "paragraph_count": 1,
    "file_type": "financial_ticker"
  },
  "context_sources": 10,
  "recent_developments_identified": 10,
  "source_citations": [
    {
      "source": "siliconangle.com",
      "url": "https://siliconangle.com/2025/07/31/apples-revenue-growth-hits-four-year-high-iphone-sales-soar/",
      "text_sample": "Shares of iPhone maker Apple Inc. inched up slightly after-hours on the back of another solid set of financial results, with the company reported earnings and revenue that shot past Wall Street’s esti...",
      "contribution_weight": "100.0%",
      "recency": "2 days ago"
    },
    {
      "source": "finance.yahoo.com",
      "url": "https://finance.yahoo.com/news/warren-buffett-trims-4-billion-084604271.html",
      "text_sample": "Warren Buffett is dialing back his favorite investment, selling a chunk of Apple Inc. (NASDAQ:AAPL) stock while praising CEO Tim Cook and amassing the...",
      "contribution_weight": "90.0%",
      "recency": "10 days ago"
    },
    {
      "source": "www.etfdailynews.com",
      "url": "https://www.etfdailynews.com/2025/08/14/meridian-financial-llc-sells-118-shares-of-apple-inc-nasdaqaapl/",
      "text_sample": "Meridian Financial LLC decreased its holdings in Apple Inc. (NASDAQ:AAPL – Free Report) by 1.4% during the 1st quarter, Holdings Channel.com reports. The institutional investor owned 8,552 shares of t...",
      "contribution_weight": "80.0%",
      "recency": "18 days ago"
    },
    {
      "source": "www.etfdailynews.com",
      "url": "https://www.etfdailynews.com/2025/08/27/trek-financial-llc-boosts-stock-position-in-apple-inc-aapl/",
      "text_sample": "Trek Financial LLC grew its holdings in Apple Inc. (NASDAQ:AAPL – Free Report) by 0.5% in the first quarter, Holdings Channel reports. The institutional investor owned 87,768 shares of the iPhone make...",
      "contribution_weight": "70.0%",
      "recency": "1 days ago"
    },
    {
      "source": "www.etfdailynews.com",
      "url": "https://www.etfdailynews.com/2025/08/17/jnba-financial-advisors-decreases-position-in-apple-inc-nasdaqaapl/",
      "text_sample": "JNBA Financial Advisors decreased its holdings in shares of Apple Inc. (NASDAQ:AAPL – Free Report) by 1.0% in the 1st quarter, Holdings Channel.com reports. The firm owned 30,399 shares of the iPhone ...",
      "contribution_weight": "60.0%",
      "recency": "5 days ago"
    },
    {
      "source": "www.etfdailynews.com",
      "url": "https://www.etfdailynews.com/2025/08/19/strategic-financial-concepts-llc-trims-position-in-apple-inc-aapl/",
      "text_sample": "Strategic Financial Concepts LLC reduced its stake in shares of Apple Inc. (NASDAQ:AAPL – Free Report) by 1.1% during the first quarter, Holdings Channel reports. The institutional investor owned 52,3...",
      "contribution_weight": "50.0%",
      "recency": "30 days ago"
    },
    {
      "source": "www.etfdailynews.com",
      "url": "https://www.etfdailynews.com/2025/08/20/sterling-manor-financial-llc-cuts-position-in-apple-inc-aapl/",
      "text_sample": "Sterling Manor Financial LLC cut its stake in Apple Inc. (NASDAQ:AAPL – Free Report) by 3.4% in the 1st quarter, according to its most recent disclosure with the SEC. The institutional investor owned ...",
      "contribution_weight": "40.0%",
      "recency": "24 days ago"
    },
    {
      "source": "www.etfdailynews.com",
      "url": "https://www.etfdailynews.com/2025/08/22/apple-inc-aapl-shares-sold-by-truist-financial-corp/",
      "text_sample": "Truist Financial Corp cut its stake in Apple Inc. (NASDAQ:AAPL – Free Report) by 6.3% in the first quarter, HoldingsChannel reports. The institutional investor owned 6,840,730 shares of the iPhone mak...",
      "contribution_weight": "30.0%",
      "recency": "29 days ago"
    },
    {
      "source": "www.etfdailynews.com",
      "url": "https://www.etfdailynews.com/2025/08/28/omc-financial-services-ltd-reduces-position-in-apple-inc-aapl/",
      "text_sample": "OMC Financial Services LTD decreased its holdings in Apple Inc. (NASDAQ:AAPL – Free Report) by 7.3% during the 1st quarter, Holdings Channel.com reports. The fund owned 127,804 shares of the iPhone ma...",
      "contribution_weight": "20.0%",
      "recency": "13 days ago"
    },
    {
      "source": "www.etfdailynews.com",
      "url": "https://www.etfdailynews.com/2025/08/13/apple-inc-nasdaqaapl-stake-boosted-by-root-financial-partners-llc/",
      "text_sample": "Root Financial Partners LLC increased its holdings in Apple Inc. (NASDAQ:AAPL – Free Report) by 34.6% in the first quarter, according to its most recent Form 13F filing with the Securities and Exchang...",
      "contribution_weight": "10.0%",
      "recency": "15 days ago"
    }
  ],
  "query_summary": {
    "query": "AAPL (Apple Inc.)",
    "query_type": "Technology",