{
  "id": "8096a3ff-56dc-47c0-8cc0-256e6c80bb11",
  "status": "success",
  "analysis_type": "comprehensive_rigorous",
  "source": "ticker_symbol",
  "source_type": "financial_ticker",
  "text": "GOOGL",
  "timestamp": "2025-08-31T18:53:34.781705",
  "enhanced_summary": "Comprehensive analysis of 10 content units with 88.1% confidence. Sentiment: 0.000 (neutral)",
  "content_metrics": {
    "word_count": 1,
    "reading_level": "intermediate",
    "factual_density": 1.0,
    "complexity_score": 1.0,
    "information_entropy": 1.0888999750452237,
    "recent_events_count": 10,
    "average_recency_weight": 0.33022483846013306
  },
  "mathematical_sentiment_analysis": {
    "composite_score": {
      "value": 0.24693208791208793,
      "confidence_interval": [
        0.01076923076923077,
        0.6185984615384614
      ],
      "statistical_significance": 0.7362314610123095
    },
    "multi_model_validation": {
      "lexicon_based": {
        "vader_score": 0.9951,
        "textblob_score": 0.18571428571428575,
        "afinn_score": 0.05384615384615385,
        "consensus": 0.4115534798534799
      },
      "transformer_based": {
        "roberta_sentiment": 0.0,
        "consensus": 0.0
      },
      "all_models_consensus": 0.24693208791208793
    },
    "uncertainty_metrics": {
      "sentiment_entropy": 2.2619143008863163,
      "polarization_index": 0.38019361751593767,
      "model_agreement": 0.6198063824840623
    }
  },
  "emotion_vector_analysis": {
    "plutchik_coordinates": {
      "joy": 0.125,
      "trust": 0.125,
      "fear": 0.125,
      "surprise": 0.125,
      "sadness": 0.125,
      "disgust": 0.125,
      "anger": 0.125,
      "anticipation": 0.125
    },
    "dominant_emotions": [
      "anticipation",
      "anger",
      "disgust"
    ],
    "emotion_entropy": 2.9999999988458437,
    "emotional_coherence": 3.847188123629053e-10,
    "emotion_mathematics": {
      "vector_magnitude": 0.3535533905932738,
      "emotional_distance_from_neutral": 0.0,
      "primary_emotion_vector": [
        0.125,
        0.125,
        0.125
      ]
    }
  },
  "comprehensive_metrics": {
    "disagreement_index": 0.38019361751593767,
    "polarity_breakdown": {
      "positive": 0.599,
      "negative": 0.125,
      "neutral": 0.276,
      "wilson_ci": {
        "positive": [
          0.49877283516483517,
          0.6987728351648351
        ],
        "negative": [
          0.0253067912087912,
          0.2253067912087912
        ],
        "neutral": [
          0.17592037362637367,
          0.37592037362637365
        ]
      }
    },
    "sarcasm_rate": 0.0,
    "toxicity_rate": 0.0,
    "freshness_score": 0.33022483846013306,
    "novelty_score": 0.9096890244315121,
    "total_evidence_weight": 0.3749272377735803
  },
  "vad_analysis": {
    "valence": 0.623,
    "arousal": 0.428,
    "dominance": 0.6
  },
  "document_analysis": {
    "total_length": 5,
    "word_count": 1,
    "sentence_count": 1,
    "paragraph_count": 1,
    "file_type": "financial_ticker"
  },
  "context_sources": 10,
  "recent_developments_identified": 10,
  "source_citations": [
    {
      "source": "finance.yahoo.com",
      "url": "https://finance.yahoo.com/news/alphabet-inc-nasdaq-googl-waymo-041410738.html",
      "text_sample": "Alphabet Inc. (NASDAQ:GOOGL) is one of the Top Technology Stocks to Buy According to Hedge Funds. On August 22, Reuters reported that Alphabet Inc...",
      "contribution_weight": "100.0%",
      "recency": "12 days ago"
    },
    {
      "source": "www.etfdailynews.com",
      "url": "https://www.etfdailynews.com/2025/08/14/keynote-financial-services-llc-raises-holdings-in-alphabet-inc-nasdaqgoogl/",
      "text_sample": "Keynote Financial Services LLC boosted its stake in shares of Alphabet Inc. (NASDAQ:GOOGL – Free Report) by 0.6% during the first quarter, according to the company in its most recent Form 13F filing w...",
      "contribution_weight": "90.0%",
      "recency": "26 days ago"
    },
    {
      "source": "www.etfdailynews.com",
      "url": "https://www.etfdailynews.com/2025/08/11/halter-ferguson-financial-inc-cuts-stake-in-alphabet-inc-nasdaqgoogl/",
      "text_sample": "Halter Ferguson Financial Inc. reduced its holdings in shares of Alphabet Inc. (NASDAQ:GOOGL – Free Report) by 3.7% during the first quarter, according to its most recent disclosure with the Securitie...",
      "contribution_weight": "80.0%",
      "recency": "5 days ago"
    },
    {
      "source": "www.etfdailynews.com",
      "url": "https://www.etfdailynews.com/2025/08/11/haverford-financial-services-inc-boosts-holdings-in-alphabet-inc-nasdaqgoogl/",
      "text_sample": "Haverford Financial Services Inc. raised its holdings in Alphabet Inc. (NASDAQ:GOOGL – Free Report) by 32.5% in the 1st quarter, Holdings Channel reports. The institutional investor owned 59,992 share...",
      "contribution_weight": "70.0%",
      "recency": "13 days ago"
    },
    {
      "source": "www.etfdailynews.com",
      "url": "https://www.etfdailynews.com/2025/08/05/mackenzie-financial-corp-sells-47465-shares-of-alphabet-inc-nasdaqgoogl/",
      "text_sample": "Mackenzie Financial Corp cut its stake in Alphabet Inc. (NASDAQ:GOOGL – Free Report) by 0.8% in the first quarter, HoldingsChannel.com reports. The fund owned 5,693,327 shares of the information servi...",
      "contribution_weight": "60.0%",
      "recency": "5 days ago"
    },
    {
      "source": "www.etfdailynews.com",
      "url": "https://www.etfdailynews.com/2025/08/08/tandem-financial-llc-sells-112-shares-of-alphabet-inc-nasdaqgoogl/",
      "text_sample": "Tandem Financial LLC cut its holdings in Alphabet Inc. (NASDAQ:GOOGL – Free Report) by 2.8% in the first quarter, Holdings Channel reports. The fund owned 3,955 shares of the information services prov...",
      "contribution_weight": "50.0%",
      "recency": "28 days ago"
    },
    {
      "source": "www.etfdailynews.com",
      "url": "https://www.etfdailynews.com/2025/08/11/alphabet-inc-nasdaqgoogl-shares-sold-by-wade-financial-advisory-inc/",
      "text_sample": "Wade Financial Advisory Inc cut its stake in shares of Alphabet Inc. (NASDAQ:GOOGL – Free Report) by 9.6% in the 1st quarter, according to the company in its most recent disclosure with the Securities...",
      "contribution_weight": "40.0%",
      "recency": "7 days ago"
    },
    {
      "source": "www.etfdailynews.com",
      "url": "https://www.etfdailynews.com/2025/08/06/alphabet-inc-nasdaqgoogl-shares-sold-by-physicians-financial-services-inc/",
      "text_sample": "Physicians Financial Services Inc. lessened its holdings in Alphabet Inc. (NASDAQ:GOOGL – Free Report) by 4.2% in the first quarter, according to the company in its most recent Form 13F filing with th...",
      "contribution_weight": "30.0%",
      "recency": "23 days ago"
    },
    {
      "source": "www.etfdailynews.com",
      "url": "https://www.etfdailynews.com/2025/08/07/northrock-partners-llc-trims-stock-holdings-in-alphabet-inc-nasdaqgoogl/",
      "text_sample": "NorthRock Partners LLC lessened its holdings in Alphabet Inc. (NASDAQ:GOOGL – Free Report) by 0.4% during the 1st quarter, according to its most recent filing with the Securities & Exchange Commission...",
      "contribution_weight": "20.0%",
      "recency": "30 days ago"
    },
    {
      "source": "www.etfdailynews.com",
      "url": "https://www.etfdailynews.com/2025/08/13/ritter-daniher-financial-advisory-llc-de-lowers-stock-position-in-alphabet-inc-nasdaqgoogl/",
      "text_sample": "Ritter Daniher Financial Advisory LLC DE trimmed its position in shares of Alphabet Inc. (NASDAQ:GOOGL – Free Report) by 8.1% in the first quarter, according to the company in its most recent 13F fili...",
      "contribution_weight": "10.0%",
      "recency": "13 days ago"
    }
  ],
  "query_summary": {
    "query": "GOOGL (Alphabet Inc.)",
    "query_type": "Technology",