{
  "id": "88abc5ca-76cb-4b73-9572-43170f841a4b",
  "status": "success",
  "analysis_type": "comprehensive_rigorous",
  "source": "ticker_symbol",
  "source_type": "financial_ticker",
  "text": "TXN",
  "timestamp": "2025-09-01T22:55:17.418708",
  "enhanced_summary": "Comprehensive analysis of 1 content units with 84.4% confidence. Sentiment: 0.033 (neutral)",
  "content_metrics": {
    "word_count": 1,
    "reading_level": "intermediate",
    "factual_density": 1.0,
    "complexity_score": 1.0,
    "information_entropy": 1.0888999750452237,
    "recent_events_count": 1,
    "average_recency_weight": 0.9003752971055988
  },
  "mathematical_sentiment_analysis": {
    "composite_score": {
      "value": 0.03346194324194325,
      "confidence_interval": [
        -0.0047619047619047615,
        0.09390194324194324
      ],
      "statistical_significance": 0.6708942470894499
    },
    "multi_model_validation": {
      "lexicon_based": {
        "vader_score": 0.1511,
        "textblob_score": 0.028114478114478116,
        "afinn_score": -0.011904761904761904,
        "consensus": 0.05576990540323875
      },
      "transformer_based": {
        "roberta_sentiment": 0.0,
        "consensus": 0.0
      },
      "all_models_consensus": 0.03346194324194325
    },
    "uncertainty_metrics": {
      "sentiment_entropy": 2.3195340791451873,
      "polarization_index": 0.060274122155404945,
      "model_agreement": 0.939725877844595
    }
  },
  "emotion_vector_analysis": {
    "plutchik_coordinates": {
      "joy": 0.125,
      "trust": 0.125,
      "fear": 0.125,
      "surprise": 0.125,
      "sadness": 0.125,
      "disgust": 0.125,
      "anger": 0.125,
      "anticipation": 0.125
    },
    "dominant_emotions": [
      "anticipation",
      "anger",
      "disgust"
    ],
    "emotion_entropy": 2.9999999988458437,
    "emotional_coherence": 3.847188123629053e-10,
    "emotion_mathematics": {
      "vector_magnitude": 0.3535533905932738,
      "emotional_distance_from_neutral": 0.0,
      "primary_emotion_vector": [
        0.125,
        0.125,
        0.125
      ]
    }
  },
  "comprehensive_metrics": {
    "disagreement_index": 0.060274122155404945,
    "polarity_breakdown": {
      "positive": 0.172,
      "negative": 0.115,
      "neutral": 0.713,
      "wilson_ci": {
        "positive": [
          0.07201543318903317,
          0.2720154331890332
        ],
        "negative": [
          0.014676955459355462,
          0.21467695545935547
        ],
        "neutral": [
          0.6133076113516114,
          0.8133076113516113
        ]
      }
    },
    "sarcasm_rate": 0.0,
    "toxicity_rate": 0.0,
    "freshness_score": 0.9003752971055988,
    "novelty_score": 0.8809523809523809,
    "total_evidence_weight": 0.1831436952957275
  },
  "vad_analysis": {
    "valence": 0.517,
    "arousal": 0.364,
    "dominance": 0.6
  },
  "document_analysis": {
    "total_length": 3,
    "word_count": 1,
    "sentence_count": 1,
    "paragraph_count": 1,
    "file_type": "financial_ticker"
  },
  "context_sources": 1,
  "recent_developments_identified": 1,
  "source_citations": [
    {
      "source": "reddit.com",
      "url": "https://reddit.com/r/tech/comments/1n61x48/spherical_roboball_could_tackle_moons_toughest/",
      "text_sample": "Spherical RoboBall could tackle Moon’s toughest terrain | Texas A&M researchers want to go more geometrical with a new mobile robot shaped like a ball for literally rolling about rough terrain.\n\nLike ...",
      "contribution_weight": "100.0%",
      "recency": "0 days ago"
    }
  ],
  "query_summary": {
    "query": "TXN (Texas Instruments Incorporated)",
    "query_type": "Technology, Semiconductors, Texas, Instruments, Incorporated, products, for, texas",
    "entities_detected": [
      "Terrain",
      "Like",
      "Spherical",
      "Moon",
      "Texas"
    ],
    "recent_events": [
      {
        "event": "Found 1 related sources",
        "relevance": "high",
        "source_count": 1
      }
    ]
  },
  "calculation_methodology": {
    "sentiment_calculation": "Weighted average of VADER, TextBlob, and AFINN lexicon scores combined with transformer model outputs",
    "confidence_basis": "Based on agreement between VADER, TextBlob, AFINN, and RoBERTa (cardiffnlp/twitter-roberta-base-sentiment-latest)",
    "source_weighting": "Sources weighted by recency, domain authority, and retrieval relevance score",
    "accuracy_indicators": {
      "model_agreement": "94.0%",
      "source_diversity": "1 different source types",
      "temporal_coverage": "Insufficient dated sources",
      "data_quality": "low"
    }
  },
  "explanatory_clusters": [
    {
      "cluster_id": "search_cluster_0",
      "weight": 0.1831436952957275,
      "sentiment": 0.13402061855670103,
      "unit_count": 1,
      "representative_text": "Spherical RoboBall could tackle Moon’s toughest terrain | Texas A&M researchers want to go more geometrical with a new mobile robot shaped like a ball...",
      "why_important": [
        "very recent ✓",
        "high language quality ✓",
        "low toxicity ✓"
      ],
      "avg_freshness": 0.9003752971055988,
      "avg_quality": 0.6714285714285715,
      "sources": [
        "reddit.com"
      ]
    }
  ],
  "key_evidence": [],
  "weight_explanations": {
    "weight_range": {
      "min": 0.1831436952957275,
      "max": 0.1831436952957275,
      "mean": 0.1831436952957275,
      "std": 0.0
    },
    "factor_analysis": {
      "high_freshness_units": 1,
      "high_novelty_units": 1,
      "high_source_units": 0,
      "low_toxicity_units": 1
    },
    "weight_concentration": {
      "top_10_percent_weight_share": 1.0,
      "gini_coefficient": 0.0
    }
  }
}