{
  "id": "9743e4c6-1e21-4f40-a5b2-aae35c3aebb7",
  "status": "success",
  "analysis_type": "comprehensive_rigorous",
  "source": "ticker_symbol",
  "source_type": "financial_ticker",
  "text": "CRM",
  "timestamp": "2025-09-01T19:07:01.709787",
  "enhanced_summary": "Comprehensive analysis of 10 content units with 88.1% confidence. Sentiment: 0.364 (positive)",
  "content_metrics": {
    "word_count": 1,
    "reading_level": "intermediate",
    "factual_density": 1.0,
    "complexity_score": 1.0,
    "information_entropy": 1.0888999750452237,
    "recent_events_count": 10,
    "average_recency_weight": 0.2661750716178961
  },
  "mathematical_sentiment_analysis": {
    "composite_score": {
      "value": 0.36412302336767455,
      "confidence_interval": [
        0.006037674642325805,
        0.7606346512746514
      ],
      "statistical_significance": 0.8260057995543857
    },
    "multi_model_validation": {
      "lexicon_based": {
        "vader_score": 0.7968,
        "textblob_score": 0.006373256373256374,
        "afinn_score": 0.01744186046511628,
        "consensus": 0.27353837227945754
      },
      "transformer_based": {
        "roberta_sentiment": 0.0,
        "consensus": 0.0
      },
      "all_models_consensus": 0.36412302336767455
    },
    "uncertainty_metrics": {
      "sentiment_entropy": 2.24888232194579,
      "polarization_index": 0.44097782170109273,
      "model_agreement": 0.5590221782989073
    }
  },
  "emotion_vector_analysis": {
    "plutchik_coordinates": {
      "joy": 0.125,
      "trust": 0.125,
      "fear": 0.125,
      "surprise": 0.125,
      "sadness": 0.125,
      "disgust": 0.125,
      "anger": 0.125,
      "anticipation": 0.125
    },
    "dominant_emotions": [
      "anticipation",
      "anger",
      "disgust"
    ],
    "emotion_entropy": 2.9999999988458437,
    "emotional_coherence": 3.847188123629053e-10,
    "emotion_mathematics": {
      "vector_magnitude": 0.3535533905932738,
      "emotional_distance_from_neutral": 0.0,
      "primary_emotion_vector": [
        0.125,
        0.125,
        0.125
      ]
    }
  },
  "comprehensive_metrics": {
    "disagreement_index": 0.44097782170109273,
    "polarity_breakdown": {
      "positive": 0.646,
      "negative": 0.114,
      "neutral": 0.241,
      "wilson_ci": {
        "positive": [
          0.5456492093470698,
          0.7456492093470698
        ],
        "negative": [
          0.013587697663232534,
          0.21358769766323255
        ],
        "neutral": [
          0.14076309298969764,
          0.34076309298969765
        ]
      }
    },
    "sarcasm_rate": 0.0,
    "toxicity_rate": 0.0,
    "freshness_score": 0.2661750716178961,
    "novelty_score": 0.8979915505469467,
    "total_evidence_weight": 0.28340743536375584
  },
  "vad_analysis": {
    "valence": 0.682,
    "arousal": 0.463,
    "dominance": 0.6
  },
  "document_analysis": {
    "total_length": 3,
    "word_count": 1,
    "sentence_count": 1,
    "paragraph_count": 1,
    "file_type": "financial_ticker"
  },
  "context_sources": 10,
  "recent_developments_identified": 10,
  "source_citations": [
    {
      "source": "finance.yahoo.com",
      "url": "https://finance.yahoo.com/news/salesforce-crm-gets-430-price-010330251.html",
      "text_sample": "Salesforce, Inc. (NYSE:CRM) is one of the Must-Watch AI Stocks for Investors. On August 20, Citizens JMP analyst Patrick Walravens reiterated a Market...",
      "contribution_weight": "100.0%",
      "recency": "26 days ago"
    },
    {
      "source": "www.etfdailynews.com",
      "url": "https://www.etfdailynews.com/2025/08/09/promising-automotive-stocks-to-follow-today-august-7th/",
      "text_sample": "NVIDIA, Tesla, Taiwan Semiconductor Manufacturing, Micron Technology, Salesforce, Costco Wholesale, and Bank of America are the seven Automotive stocks to watch today, according to MarketBeat’s stock ...",
      "contribution_weight": "90.0%",
      "recency": "30 days ago"
    },
    {
      "source": "www.etfdailynews.com",
      "url": "https://www.etfdailynews.com/2025/08/20/financial-stocks-worth-watching-august-17th/",
      "text_sample": "UnitedHealth Group, Robinhood Markets, Circle Internet Group, BitMine Immersion Technologies, Salesforce, Berkshire Hathaway, and Coinbase Global are the seven Financial stocks to watch today, accordi...",
      "contribution_weight": "80.0%",
      "recency": "15 days ago"
    },
    {
      "source": "www.etfdailynews.com",
      "url": "https://www.etfdailynews.com/2025/08/13/salesforce-nysecrm-hits-new-52-week-low-on-insider-selling/",
      "text_sample": "Salesforce Inc. (NYSE:CRM – Get Free Report)’s stock price reached a new 52-week low during mid-day trading on Tuesday following insider selling activity. The stock traded as low as $227.00 and last t...",
      "contribution_weight": "70.0%",
      "recency": "26 days ago"
    },
    {
      "source": "www.etfdailynews.com",
      "url": "https://www.etfdailynews.com/2025/08/18/salesforce-nysecrm-shares-unloaded-rep-lisa-c-mcclain/",
      "text_sample": "Representative Lisa C. McClain (R-Michigan) recently sold shares of Salesforce Inc. (NYSE:CRM). In a filing disclosed on August 13th, the Representative disclosed that they had sold between $1,001 and...",
      "contribution_weight": "60.0%",
      "recency": "23 days ago"
    },
    {
      "source": "www.etfdailynews.com",
      "url": "https://www.etfdailynews.com/2025/08/05/best-automotive-stocks-to-watch-today-august-2nd/",
      "text_sample": "NVIDIA, Tesla, Taiwan Semiconductor Manufacturing, Costco Wholesale, Micron Technology, Bank of America, and Salesforce are the seven Automotive stocks to watch today, according to MarketBeat’s stock ...",
      "contribution_weight": "50.0%",
      "recency": "21 days ago"
    },
    {
      "source": "reddit.com",
      "url": "https://reddit.com/r/stocks/comments/1mxrpfe/whats_your_baby/",
      "text_sample": "What's your favorite company to invest in - a company who's stock you'd practically take to the grave? For me it's Amazon. I'm just so addicted to using my prime membership to buy stuff and Amazon nev",
      "contribution_weight": "40.0%",
      "recency": "19 days ago"
    },
    {
      "source": "reddit.com",
      "url": "https://reddit.com/r/stocks/comments/1n27k9u/recent_intc_stock_investments_strengthen_the/",
      "text_sample": "INTC announced a $ 2B equity investment from SoftBank at $23/share and an $8.9B U.S. government investment, representing a \\~9.9% stake at \\~$20.47/share. The government contribution combines new capi",
      "contribution_weight": "30.0%",
      "recency": "1 days ago"
    },
    {
      "source": "reddit.com",
      "url": "https://reddit.com/r/stocks/comments/1mx1uwg/crwv_the_early_surge_was_a_welcome_albeit_brief/",
      "text_sample": "While tech stocks in general have sold off in recent days, CoreWeave has been hit especially hard; the stock’s price is down 39% since earnings were reported after the Aug. 12 close, and it has lost 5",
      "contribution_weight": "20.0%",
      "recency": "13 days ago"
    },
    {
      "source": "reddit.com",
      "url": "https://reddit.com/r/stocks/comments/1mzr7y5/my_okta_earnings_analysis/",
      "text_sample": "Here is my analysis of Okta Inc.'s earnings – ticker: OKTA – after the market close tomorrow.\n\nGeneral information about the company:\n\nOkta Inc. is a leading provider of cloud-based identity and acces",
      "contribution_weight": "10.0%",
      "recency": "14 days ago"
    }
  ],
  "query_summary": {
    "query": "CRM (Salesforce, Inc.)",
    "query_type": "Technology",
    "entities_detected": [
      "Stocks",
      "Stock",
      "Okta",
      "Salesforce",
      "Company",
      "Market",
      "Earnings",
      "Coreweave",
      "Chars",
      "Share"
    ],
    "recent_events": [
      {
        "event": "Found 10 related sources",
        "relevance": "high",
        "source_count": 10
      }
    ]
  },