{
  "id": "9d9c7a00-e0d3-49ad-b90a-68dcf30932fb",
  "status": "success",
  "analysis_type": "comprehensive_rigorous",
  "source": "ticker_symbol",
  "source_type": "financial_ticker",
  "text": "NVDA",
  "timestamp": "2025-09-01T20:10:46.468626",
  "enhanced_summary": "Comprehensive analysis of 19 content units with 87.0% confidence. Sentiment: 0.438 (positive)",
  "content_metrics": {
    "word_count": 1,
    "reading_level": "intermediate",
    "factual_density": 1.0,
    "complexity_score": 1.0,
    "information_entropy": 1.0888999750452237,
    "recent_events_count": 19,
    "average_recency_weight": 0.2318645797215777
  },
  "mathematical_sentiment_analysis": {
    "composite_score": {
      "value": 0.43772254159633467,
      "confidence_interval": [
        0.05273092195161168,
        0.8254809324009325
      ],
      "statistical_significance": 0.8701923835821193
    },
    "multi_model_validation": {
      "lexicon_based": {
        "vader_score": 0.9977,
        "textblob_score": 0.13200466200466202,
        "afinn_score": 0.05890804597701149,
        "consensus": 0.39620423599389115
      },
      "transformer_based": {
        "roberta_sentiment": 0.0,
        "consensus": 0.0
      },
      "all_models_consensus": 0.43772254159633467
    },
    "uncertainty_metrics": {
      "sentiment_entropy": 2.24972656658971,
      "polarization_index": 0.46006424802716844,
      "model_agreement": 0.5399357519728316
    }
  },
  "emotion_vector_analysis": {
    "plutchik_coordinates": {
      "joy": 0.125,
      "trust": 0.125,
      "fear": 0.125,
      "surprise": 0.125,
      "sadness": 0.125,
      "disgust": 0.125,
      "anger": 0.125,
      "anticipation": 0.125
    },
    "dominant_emotions": [
      "anticipation",
      "anger",
      "disgust"
    ],
    "emotion_entropy": 2.9999999988458437,
    "emotional_coherence": 3.847188123629053e-10,
    "emotion_mathematics": {
      "vector_magnitude": 0.3535533905932738,
      "emotional_distance_from_neutral": 0.0,
      "primary_emotion_vector": [
        0.125,
        0.125,
        0.125
      ]
    }
  },
  "comprehensive_metrics": {
    "disagreement_index": 0.46006424802716844,
    "polarity_breakdown": {
      "positive": 0.675,
      "negative": 0.106,
      "neutral": 0.219,
      "wilson_ci": {
        "positive": [
          0.575089016638534,
          0.7750890166385339
        ],
        "negative": [
          0.006227745840366519,
          0.20622774584036652
        ],
        "neutral": [
          0.11868323752109952,
          0.3186832375210995
        ]
      }
    },
    "sarcasm_rate": 0.0,
    "toxicity_rate": 0.0,
    "freshness_score": 0.2318645797215777,
    "novelty_score": 0.9053777164954103,
    "total_evidence_weight": 0.4287644272510056
  },
  "vad_analysis": {
    "valence": 0.719,
    "arousal": 0.485,
    "dominance": 0.6
  },
  "document_analysis": {
    "total_length": 4,
    "word_count": 1,
    "sentence_count": 1,
    "paragraph_count": 1,
    "file_type": "financial_ticker"
  },
  "context_sources": 19,
  "recent_developments_identified": 19,
  "source_citations": [
    {
      "source": "finance.yahoo.com",
      "url": "https://finance.yahoo.com/news/nvidia-q2-earnings-highlights-double-204127566.html",
      "text_sample": "Editor's Note: This article has been updated to correct the price action data. NVIDIA Corporation (NASDAQ:NVDA) reported second-quarter financial results...",
      "contribution_weight": "100.0%",
      "recency": "16 days ago"
    },
    {
      "source": "www.etfdailynews.com",
      "url": "https://www.etfdailynews.com/2025/08/25/nvidia-corporation-nvda-stock-position-boosted-by-phoenix-financial-ltd/",
      "text_sample": "Phoenix Financial Ltd. lifted its stake in shares of NVIDIA Corporation (NASDAQ:NVDA – Free Report) by 19.5% during the first quarter, according to the company in its most recent Form 13F filing with ...",
      "contribution_weight": "90.0%",
      "recency": "22 days ago"
    },
    {
      "source": "www.etfdailynews.com",
      "url": "https://www.etfdailynews.com/2025/08/28/mackenzie-financial-corp-trims-stock-position-in-nvidia-corporation-nvda/",
      "text_sample": "Mackenzie Financial Corp lessened its stake in NVIDIA Corporation (NASDAQ:NVDA – Free Report) by 12.1% in the 1st quarter, according to its most recent filing with the SEC. The fund owned 8,052,365 sh...",
      "contribution_weight": "80.0%",
      "recency": "18 days ago"
    },
    {
      "source": "www.etfdailynews.com",
      "url": "https://www.etfdailynews.com/2025/08/27/nvidia-corporation-nvda-position-trimmed-by-abbot-financial-management-inc/",
      "text_sample": "Abbot Financial Management Inc. lessened its holdings in NVIDIA Corporation (NASDAQ:NVDA – Free Report) by 2.9% during the first quarter, Holdings Channel.com reports. The firm owned 76,169 shares of ...",
      "contribution_weight": "70.0%",
      "recency": "19 days ago"
    },
    {
      "source": "www.etfdailynews.com",
      "url": "https://www.etfdailynews.com/2025/08/06/nvidia-corporation-nasdaqnvda-position-boosted-by-seamount-financial-group-inc/",
      "text_sample": "Seamount Financial Group Inc. grew its holdings in shares of NVIDIA Corporation (NASDAQ:NVDA – Free Report) by 4.8% in the 1st quarter, HoldingsChannel.com reports. The firm owned 5,723 shares of the ...",
      "contribution_weight": "60.0%",
      "recency": "6 days ago"
    },
    {
      "source": "www.etfdailynews.com",
      "url": "https://www.etfdailynews.com/2025/08/31/nvidia-corporation-nvda-shares-bought-by-menard-financial-group-llc/",
      "text_sample": "Menard Financial Group LLC boosted its stake in shares of NVIDIA Corporation (NASDAQ:NVDA – Free Report) by 4.0% during the first quarter, according to the company in its most recent filing with the S...",
      "contribution_weight": "50.0%",
      "recency": "10 days ago"
    },
    {
      "source": "www.etfdailynews.com",
      "url": "https://www.etfdailynews.com/2025/08/29/jsf-financial-llc-sells-683-shares-of-nvidia-corporation-nvda/",
      "text_sample": "JSF Financial LLC trimmed its stake in shares of NVIDIA Corporation (NASDAQ:NVDA – Free Report) by 1.1% during the 1st quarter, according to the company in its most recent 13F filing with the Securiti...",
      "contribution_weight": "40.0%",
      "recency": "27 days ago"
    },
    {
      "source": "www.etfdailynews.com",
      "url": "https://www.etfdailynews.com/2025/08/12/pax-financial-group-llc-raises-stake-in-nvidia-corporation-nasdaqnvda/",
      "text_sample": "PAX Financial Group LLC lifted its position in shares of NVIDIA Corporation (NASDAQ:NVDA – Free Report) by 5.9% in the first quarter, according to its most recent 13F filing with the SEC. The firm own...",
      "contribution_weight": "30.0%",
      "recency": "23 days ago"
    },
    {
      "source": "www.etfdailynews.com",
      "url": "https://www.etfdailynews.com/2025/08/21/nvidia-corporation-nvda-shares-purchased-by-richardson-financial-services-inc/",
      "text_sample": "Richardson Financial Services Inc. increased its stake in NVIDIA Corporation (NASDAQ:NVDA – Free Report) by 1.2% in the 1st quarter, according to the company in its most recent filing with the SEC. Th...",
      "contribution_weight": "20.0%",
      "recency": "26 days ago"
    },
    {
      "source": "www.etfdailynews.com",
      "url": "https://www.etfdailynews.com/2025/08/20/wmg-financial-advisors-llc-increases-stake-in-nvidia-corporation-nvda/",
      "text_sample": "WMG Financial Advisors LLC grew its position in shares of NVIDIA Corporation (NASDAQ:NVDA – Free Report) by 17.8% in the first quarter, according to the company in its most recent 13F filing with the ...",
      "contribution_weight": "10.0%",
      "recency": "19 days ago"
    },
    {
      "source": "reddit.com",
      "url": "https://reddit.com/r/investing/comments/1n4mk1t/whats_your_highest_earning_stock_ever/",