{
  "id": "a33b4c3b-6321-4f9d-b599-1e2f2403e6ca",
  "status": "success",
  "analysis_type": "comprehensive_rigorous",
  "source": "ticker_symbol",
  "source_type": "financial_ticker",
  "text": "SPOT",
  "timestamp": "2025-09-01T17:22:00.516894",
  "enhanced_summary": "Comprehensive analysis of 6 content units with 86.6% confidence. Sentiment: -0.137 (negative)",
  "content_metrics": {
    "word_count": 1,
    "reading_level": "intermediate",
    "factual_density": 1.0,
    "complexity_score": 1.0,
    "information_entropy": 1.0888999750452237,
    "recent_events_count": 6,
    "average_recency_weight": 0.20000000000000004
  },
  "mathematical_sentiment_analysis": {
    "composite_score": {
      "value": -0.13671176470588234,
      "confidence_interval": [
        -0.47189999999999993,
        0.08058823529411765
      ],
      "statistical_significance": 0.5440270907087
    },
    "multi_model_validation": {
      "lexicon_based": {
        "vader_score": -0.7865,
        "textblob_score": 0.15,
        "afinn_score": -0.047058823529411764,
        "consensus": -0.22785294117647056
      },
      "transformer_based": {
        "roberta_sentiment": 0.0,
        "consensus": 0.0
      },
      "all_models_consensus": -0.13671176470588234
    },
    "uncertainty_metrics": {
      "sentiment_entropy": 2.181661150376964,
      "polarization_index": 0.3316161183739384,
      "model_agreement": 0.6683838816260617
    }
  },
  "emotion_vector_analysis": {
    "plutchik_coordinates": {
      "joy": 0.125,
      "trust": 0.125,
      "fear": 0.125,
      "surprise": 0.125,
      "sadness": 0.125,
      "disgust": 0.125,
      "anger": 0.125,
      "anticipation": 0.125
    },
    "dominant_emotions": [
      "anticipation",
      "anger",
      "disgust"
    ],
    "emotion_entropy": 2.9999999988458437,
    "emotional_coherence": 3.847188123629053e-10,
    "emotion_mathematics": {
      "vector_magnitude": 0.3535533905932738,
      "emotional_distance_from_neutral": 0.0,
      "primary_emotion_vector": [
        0.125,
        0.125,
        0.125
      ]
    }
  },
  "comprehensive_metrics": {
    "disagreement_index": 0.3316161183739384,
    "polarity_breakdown": {
      "positive": 0.136,
      "negative": 0.555,
      "neutral": 0.309,
      "wilson_ci": {
        "positive": [
          0.03632882352941175,
          0.23632882352941176
        ],
        "negative": [
          0.454684705882353,
          0.654684705882353
        ],
        "neutral": [
          0.20898647058823525,
          0.40898647058823523
        ]
      }
    },
    "sarcasm_rate": 0.0,
    "toxicity_rate": 0.0,
    "freshness_score": 0.20000000000000004,
    "novelty_score": 0.9211170413514586,
    "total_evidence_weight": 0.183073720621242
  },
  "vad_analysis": {
    "valence": 0.432,
    "arousal": 0.395,
    "dominance": 0.4
  },
  "document_analysis": {
    "total_length": 4,
    "word_count": 1,
    "sentence_count": 1,
    "paragraph_count": 1,
    "file_type": "financial_ticker"
  },
  "context_sources": 6,
  "recent_developments_identified": 6,
  "source_citations": [
    {
      "source": "finance.yahoo.com",
      "url": "https://finance.yahoo.com/news/spotify-technology-spot-bull-case-090815424.html",
      "text_sample": "We came across a bullish thesis on Spotify Technology S.A. on Investment Ideas by Antonio’s Substack by Antonio Linares. In this article, we will summarize...",
      "contribution_weight": "100.0%",
      "recency": "20 days ago"
    },
    {
      "source": "reddit.com",
      "url": "https://reddit.com/r/investing/comments/1n2mk6m/are_we_still_a_free_market_when_the_executive/",
      "text_sample": "This apparent pump and dump spotted by Peter Schiff https://x.com/peterschiff/status/1896637889687204155?s=61&t=7QFl7dNiHVpjsF6BIYe-Og\n\noccurred the same week Trump announced aggressive tariffs on Can",
      "contribution_weight": "90.0%",
      "recency": "26 days ago"
    },
    {
      "source": "reddit.com",
      "url": "https://reddit.com/r/investing/comments/1mu4z1y/is_there_a_sweet_spot_for_selling_warrants/",
      "text_sample": "I have done the DD and am very optimistic on the likelihood that my favorite stock will be near $12 within 6 months and $20 within 18 months. I purchased warrants at $0.45 and shares at $1.66; the war",
      "contribution_weight": "80.0%",
      "recency": "15 days ago"
    },
    {
      "source": "reddit.com",
      "url": "https://reddit.com/r/stocks/comments/1mvvmpp/if_you_spot_a_bubble_where_do_you_go_from_there/",
      "text_sample": "I've seen the AI craze come to life and peak in the past few years. But I have this conviction that LLMs have been massively oversold. In my opinion, and the opinion of many experts in the field, they",
      "contribution_weight": "70.0%",
      "recency": "28 days ago"
    },
    {
      "source": "reddit.com",
      "url": "https://reddit.com/r/stocks/comments/1n2e3f7/tesla_sales_in_europe_slump_40_as_byd_new_car/",
      "text_sample": "From [TheGuardian](https://www.theguardian.com/technology/2025/aug/28/tesla-sales-in-europe-slump-byd-new-car-registrations-more-than-triple-elon-musk):\n\n>Tesla sales slumped 40% across Europe in July",
      "contribution_weight": "60.0%",
      "recency": "21 days ago"
    },
    {
      "source": "reddit.com",
      "url": "https://reddit.com/r/stocks/comments/1n0xrii/whos_nervous_about_august_27/",
      "text_sample": "I'm really worried about 08/27\nNvda crwd and so many tech stocks are releasing the earnings. \nFor nvda, I am really worried about the release. It's kinda the break or make it report\nFor crwd, it's kin",
      "contribution_weight": "50.0%",
      "recency": "24 days ago"
    }
  ],
  "query_summary": {
    "query": "SPOT (Spotify Technology S.A.)",
    "query_type": "Communication Services",
    "entities_detected": [
      "There",
      "Stock",
      "Market",
      "Spot",
      "Trump",
      "About",
      "Warrants",
      "Stocks",
      "Every",
      "Sell"
    ],
    "recent_events": [
      {
        "event": "Found 6 related sources",
        "relevance": "high",
        "source_count": 6
      }
    ]
  },
  "calculation_methodology": {
    "sentiment_calculation": "Weighted average of VADER, TextBlob, and AFINN lexicon scores combined with transformer model outputs",
    "confidence_basis": "Based on agreement between 4 different sentiment models",
    "source_weighting": "Sources weighted by recency, domain authority, and retrieval relevance score",
    "accuracy_indicators": {
      "model_agreement": "66.8%",
      "source_diversity": "2 different source types",
      "temporal_coverage": "Analysis spans 12 days",
      "data_quality": "high"
    }
  },
  "explanatory_clusters": [
    {
      "cluster_id": "search_cluster_0",
      "weight": 0.09153790498867441,
      "sentiment": 0.0,
      "unit_count": 2,
      "representative_text": "This apparent pump and dump spotted by Peter Schiff https://x.com/peterschiff/status/1896637889687204155?s=61&t=7QFl7dNiHVpjsF6BIYe-Og\n\noccurred the s...",
      "why_important": [
        "above average weight ✓",
        "high language quality ✓",
        "low toxicity ✓"
      ],
      "avg_freshness": 0.2,
      "avg_quality": 0.726,
      "sources": [
        "reddit.com",
        "finance.yahoo.com"
      ]
    },
    {
      "cluster_id": "search_cluster_1",
      "weight": 0.047029580898241184,
      "sentiment": 0.0,
      "unit_count": 2,
      "representative_text": "I have done the DD and am very optimistic on the likelihood that my favorite stock will be near $12 within 6 months and $20 within 18 months. I purcha...",
      "why_important": [
        "high language quality ✓",
        "low toxicity ✓"
      ],
      "avg_freshness": 0.2,
      "avg_quality": 0.691025641025641,
      "sources": [
        "reddit.com"
      ]
    },
    {
      "cluster_id": "search_cluster_2",
      "weight": 0.04450623473432642,