{
  "id": "a4065b33-c284-4ff0-a1d9-fec9d3c9bc05",
  "status": "success",
  "analysis_type": "comprehensive_rigorous",
  "source": "ticker_symbol",
  "source_type": "financial_ticker",
  "text": "CVX",
  "timestamp": "2025-09-01T18:12:01.442007",
  "enhanced_summary": "Comprehensive analysis of 13 content units with 88.1% confidence. Sentiment: 0.119 (positive)",
  "content_metrics": {
    "word_count": 1,
    "reading_level": "intermediate",
    "factual_density": 1.0,
    "complexity_score": 1.0,
    "information_entropy": 1.0888999750452237,
    "recent_events_count": 13,
    "average_recency_weight": 0.5051554355232304
  },
  "mathematical_sentiment_analysis": {
    "composite_score": {
      "value": 0.11878604337006755,
      "confidence_interval": [
        -0.2789939566299324,
        0.59334
      ],
      "statistical_significance": 0.3518678300476641
    },
    "multi_model_validation": {
      "lexicon_based": {
        "vader_score": 0.9889,
        "textblob_score": 0.06379310344827588,
        "afinn_score": 0.041237113402061855,
        "consensus": 0.36464340561677927
      },
      "transformer_based": {
        "roberta_sentiment": 0.0,
        "consensus": 0.0
      },
      "all_models_consensus": 0.11878604337006755
    },
    "uncertainty_metrics": {
      "sentiment_entropy": 2.1927355690538057,
      "polarization_index": 0.4823157988438113,
      "model_agreement": 0.5176842011561886
    }
  },
  "emotion_vector_analysis": {
    "plutchik_coordinates": {
      "joy": 0.125,
      "trust": 0.125,
      "fear": 0.125,
      "surprise": 0.125,
      "sadness": 0.125,
      "disgust": 0.125,
      "anger": 0.125,
      "anticipation": 0.125
    },
    "dominant_emotions": [
      "anticipation",
      "anger",
      "disgust"
    ],
    "emotion_entropy": 2.9999999988458437,
    "emotional_coherence": 3.847188123629053e-10,
    "emotion_mathematics": {
      "vector_magnitude": 0.3535533905932738,
      "emotional_distance_from_neutral": 0.0,
      "primary_emotion_vector": [
        0.125,
        0.125,
        0.125
      ]
    }
  },
  "comprehensive_metrics": {
    "disagreement_index": 0.4823157988438113,
    "polarity_breakdown": {
      "positive": 0.548,
      "negative": 0.138,
      "neutral": 0.314,
      "wilson_ci": {
        "positive": [
          0.4475144173480271,
          0.6475144173480271
        ],
        "negative": [
          0.038121395662993246,
          0.23812139566299326
        ],
        "neutral": [
          0.21436418698897966,
          0.4143641869889797
        ]
      }
    },
    "sarcasm_rate": 0.0,
    "toxicity_rate": 0.0,
    "freshness_score": 0.5051554355232304,
    "novelty_score": 0.8924893409895103,
    "total_evidence_weight": 0.48437984709924986
  },
  "vad_analysis": {
    "valence": 0.559,
    "arousal": 0.389,
    "dominance": 0.6
  },
  "document_analysis": {
    "total_length": 3,
    "word_count": 1,
    "sentence_count": 1,
    "paragraph_count": 1,
    "file_type": "financial_ticker"
  },
  "context_sources": 13,
  "recent_developments_identified": 13,
  "source_citations": [
    {
      "source": "www.etfdailynews.com",
      "url": "https://www.etfdailynews.com/2025/08/28/john-hess-sells-375000-shares-of-chevron-nysecvx-stock/",
      "text_sample": "Chevron Corporation (NYSE:CVX – Get Free Report) Director John Hess sold 375,000 shares of the firm’s stock in a transaction dated Friday, August 22nd. The shares were sold at an average price of $158...",
      "contribution_weight": "100.0%",
      "recency": "3 days ago"
    },
    {
      "source": "www.etfdailynews.com",
      "url": "https://www.etfdailynews.com/2025/08/21/rep-lisa-c-mcclain-buys-chevron-corporation-nysecvx-shares/",
      "text_sample": "Representative Lisa C. McClain (R-Michigan) recently bought shares of Chevron Corporation (NYSE:CVX). In a filing disclosed on August 13th, the Representative disclosed that they had bought between $1...",
      "contribution_weight": "90.0%",
      "recency": "19 days ago"
    },
    {
      "source": "www.etfdailynews.com",
      "url": "https://www.etfdailynews.com/2025/08/17/chevron-corporation-nysecvx-receives-164-11-average-price-target-from-brokerages/",
      "text_sample": "Chevron Corporation (NYSE:CVX – Get Free Report) has received an average recommendation of “Hold” from the twenty research firms that are covering the company, Marketbeat reports. Three analysts have ...",
      "contribution_weight": "80.0%",
      "recency": "1 days ago"
    },
    {
      "source": "www.etfdailynews.com",
      "url": "https://www.etfdailynews.com/2025/08/20/dividend-stocks-to-follow-now-august-18th/",
      "text_sample": "UnitedHealth Group, Novo Nordisk A/S, ProShares UltraPro Short QQQ, Direxion Daily TSLA Bull 2X Shares, Exxon Mobil, AbbVie, and Chevron are the seven Dividend stocks to watch today, according to Mark...",
      "contribution_weight": "70.0%",
      "recency": "23 days ago"
    },
    {
      "source": "www.etfdailynews.com",
      "url": "https://www.etfdailynews.com/2025/08/16/dividend-stocks-to-watch-now-august-14th/",
      "text_sample": "UnitedHealth Group, ProShares UltraPro Short QQQ, Direxion Daily TSLA Bull 2X Shares, Johnson & Johnson, Exxon Mobil, United Parcel Service, and Chevron are the seven Dividend stocks to watch today, a...",
      "contribution_weight": "60.0%",
      "recency": "18 days ago"
    },
    {
      "source": "www.etfdailynews.com",
      "url": "https://www.etfdailynews.com/2025/08/27/promising-dividend-stocks-worth-watching-august-25th/",
      "text_sample": "Direxion Daily TSLA Bull 2X Shares, ProShares UltraPro Short QQQ, Exxon Mobil, Pfizer, Chevron, PepsiCo, and Merck & Co., Inc. are the seven Dividend stocks to watch today, according to MarketBeat’s s...",
      "contribution_weight": "50.0%",
      "recency": "29 days ago"
    },
    {
      "source": "www.etfdailynews.com",
      "url": "https://www.etfdailynews.com/2025/08/07/chevrons-cvx-buy-rating-reiterated-at-ubs-group/",
      "text_sample": "UBS Group reiterated their buy rating on shares of Chevron (NYSE:CVX – Free Report) in a report published on Monday morning, Marketbeat.com reports. They currently have a $186.00 price objective on th...",
      "contribution_weight": "40.0%",
      "recency": "6 days ago"
    },
    {
      "source": "www.etfdailynews.com",
      "url": "https://www.etfdailynews.com/2025/08/22/chevron-nysecvx-coverage-initiated-by-analysts-at-melius-research/",
      "text_sample": "Equities research analysts at Melius Research started coverage on shares of Chevron (NYSE:CVX – Get Free Report) in a research report issued to clients and investors on Wednesday, MarketBeat.com repor...",
      "contribution_weight": "30.0%",
      "recency": "18 days ago"
    },
    {
      "source": "www.etfdailynews.com",
      "url": "https://www.etfdailynews.com/2025/08/19/industrial-stocks-to-follow-today-august-17th/",
      "text_sample": "Tesla, Broadcom, Micron Technology, First Solar, Chevron, Deere & Company, and Caterpillar are the seven Industrial stocks to watch today, according to MarketBeat’s stock screener tool. Industrial sto...",
      "contribution_weight": "20.0%",
      "recency": "30 days ago"
    },
    {
      "source": "www.etfdailynews.com",
      "url": "https://www.etfdailynews.com/2025/08/13/transportation-stocks-to-follow-today-august-11th/",
      "text_sample": "Uber Technologies, Berkshire Hathaway, Caterpillar, Chevron, and Union Pacific are the five Transportation stocks to watch today, according to MarketBeat’s stock screener tool. Transportation stocks a...",
      "contribution_weight": "10.0%",
      "recency": "11 days ago"
    },
    {
      "source": "reddit.com",
      "url": "https://reddit.com/r/stocks/comments/1mwg1f8/trumps_slashes_to_renewables_will_send_cvx_oxy/",