{
  "id": "ae9ac02d-308b-457c-88a7-771d273f504c",
  "status": "success",
  "analysis_type": "comprehensive_rigorous",
  "source": "ticker_symbol",
  "source_type": "financial_ticker",
  "text": "AAPL",
  "timestamp": "2025-09-01T21:47:30.136814",
  "enhanced_summary": "Comprehensive analysis of 28 content units with 87.1% confidence. Sentiment: 0.187 (positive)",
  "content_metrics": {
    "word_count": 1,
    "reading_level": "intermediate",
    "factual_density": 0.9999105083753382,
    "complexity_score": 1.0,
    "information_entropy": 1.0888999750452237,
    "recent_events_count": 28,
    "average_recency_weight": 0.35110037406965594
  },
  "mathematical_sentiment_analysis": {
    "composite_score": {
      "value": 0.18697287348988437,
      "confidence_interval": [
        -0.10510547726505173,
        0.6060840650406504
      ],
      "statistical_significance": 0.5757951972055837
    },
    "multi_model_validation": {
      "lexicon_based": {
        "vader_score": 0.9993,
        "textblob_score": 0.11732975653188418,
        "afinn_score": 0.032520325203252036,
        "consensus": 0.3830500272450454
      },
      "transformer_based": {
        "roberta_sentiment": 0.0,
        "consensus": 0.0
      },
      "all_models_consensus": 0.18697287348988437
    },
    "uncertainty_metrics": {
      "sentiment_entropy": 2.2404075650445794,
      "polarization_index": 0.4206063298526958,
      "model_agreement": 0.5793936701473041
    }
  },
  "emotion_vector_analysis": {
    "plutchik_coordinates": {
      "joy": 0.125,
      "trust": 0.125,
      "fear": 0.125,
      "surprise": 0.125,
      "sadness": 0.125,
      "disgust": 0.125,
      "anger": 0.125,
      "anticipation": 0.125
    },
    "dominant_emotions": [
      "anticipation",
      "anger",
      "disgust"
    ],
    "emotion_entropy": 2.9999999988458437,
    "emotional_coherence": 3.847188123629053e-10,
    "emotion_mathematics": {
      "vector_magnitude": 0.3535533905932738,
      "emotional_distance_from_neutral": 0.0,
      "primary_emotion_vector": [
        0.125,
        0.125,
        0.125
      ]
    }
  },
  "comprehensive_metrics": {
    "disagreement_index": 0.4206063298526958,
    "polarity_breakdown": {
      "positive": 0.575,
      "negative": 0.131,
      "neutral": 0.294,
      "wilson_ci": {
        "positive": [
          0.47478914939595374,
          0.6747891493959537
        ],
        "negative": [
          0.03130271265101156,
          0.23130271265101157
        ],
        "neutral": [
          0.19390813795303471,
          0.3939081379530347
        ]
      }
    },
    "sarcasm_rate": 8.949162466174788e-05,
    "toxicity_rate": 0.00045907946745803055,
    "freshness_score": 0.35110037406965594,
    "novelty_score": 0.9311658977328664,
    "total_evidence_weight": 0.7630613739895938
  },
  "vad_analysis": {
    "valence": 0.593,
    "arousal": 0.41,
    "dominance": 0.6
  },
  "document_analysis": {
    "total_length": 4,
    "word_count": 1,
    "sentence_count": 1,
    "paragraph_count": 1,
    "file_type": "financial_ticker"
  },
  "context_sources": 28,
  "recent_developments_identified": 28,
  "source_citations": [
    {
      "source": "finance.yahoo.com",
      "url": "https://finance.yahoo.com/news/warren-buffett-trims-4-billion-084604271.html",
      "text_sample": "Benzinga and Yahoo Finance LLC may earn commission or revenue on some items through the links below.\r\nWarren Buffett is dialing back his favorite investment, selling a chunk of Apple Inc. (NASDAQ:AAP…...",
      "contribution_weight": "100.0%",
      "recency": "12 days ago"
    },
    {
      "source": "www.etfdailynews.com",
      "url": "https://www.etfdailynews.com/2025/08/14/meridian-financial-llc-sells-118-shares-of-apple-inc-nasdaqaapl/",
      "text_sample": "Meridian Financial LLC decreased its holdings in Apple Inc. (NASDAQ:AAPL – Free Report) by 1.4% during the 1st quarter, Holdings Channel.com reports. The institutional investor owned 8,552 shares of …...",
      "contribution_weight": "90.0%",
      "recency": "18 days ago"
    },
    {
      "source": "www.etfdailynews.com",
      "url": "https://www.etfdailynews.com/2025/08/27/trek-financial-llc-boosts-stock-position-in-apple-inc-aapl/",
      "text_sample": "Trek Financial LLC grew its holdings in Apple Inc. (NASDAQ:AAPL – Free Report) by 0.5% in the first quarter, Holdings Channel reports. The institutional investor owned 87,768 shares of the iPhone mak…...",
      "contribution_weight": "80.0%",
      "recency": "5 days ago"
    },
    {
      "source": "www.etfdailynews.com",
      "url": "https://www.etfdailynews.com/2025/08/17/jnba-financial-advisors-decreases-position-in-apple-inc-nasdaqaapl/",
      "text_sample": "JNBA Financial Advisors decreased its holdings in shares of Apple Inc. (NASDAQ:AAPL – Free Report) by 1.0% in the 1st quarter, Holdings Channel.com reports. The firm owned 30,399 shares of the iPhone…...",
      "contribution_weight": "70.0%",
      "recency": "15 days ago"
    },
    {
      "source": "www.etfdailynews.com",
      "url": "https://www.etfdailynews.com/2025/08/19/strategic-financial-concepts-llc-trims-position-in-apple-inc-aapl/",
      "text_sample": "Strategic Financial Concepts LLC reduced its stake in shares of Apple Inc. (NASDAQ:AAPL – Free Report) by 1.1% during the first quarter, Holdings Channel reports. The institutional investor owned 52,…...",
      "contribution_weight": "60.0%",
      "recency": "13 days ago"
    },
    {
      "source": "www.etfdailynews.com",
      "url": "https://www.etfdailynews.com/2025/08/20/sterling-manor-financial-llc-cuts-position-in-apple-inc-aapl/",
      "text_sample": "Sterling Manor Financial LLC cut its stake in Apple Inc. (NASDAQ:AAPL – Free Report) by 3.4% in the 1st quarter, according to its most recent disclosure with the SEC. The institutional investor owned…...",
      "contribution_weight": "50.0%",
      "recency": "12 days ago"
    },
    {
      "source": "www.etfdailynews.com",
      "url": "https://www.etfdailynews.com/2025/08/22/apple-inc-aapl-shares-sold-by-truist-financial-corp/",
      "text_sample": "Truist Financial Corp cut its stake in Apple Inc. (NASDAQ:AAPL – Free Report) by 6.3% in the first quarter, HoldingsChannel reports. The institutional investor owned 6,840,730 shares of the iPhone ma…...",
      "contribution_weight": "40.0%",
      "recency": "10 days ago"
    },
    {
      "source": "www.etfdailynews.com",
      "url": "https://www.etfdailynews.com/2025/08/28/omc-financial-services-ltd-reduces-position-in-apple-inc-aapl/",
      "text_sample": "OMC Financial Services LTD decreased its holdings in Apple Inc. (NASDAQ:AAPL – Free Report) by 7.3% during the 1st quarter, Holdings Channel.com reports. The fund owned 127,804 shares of the iPhone m…...",
      "contribution_weight": "30.0%",
      "recency": "4 days ago"
    },
    {
      "source": "www.etfdailynews.com",
      "url": "https://www.etfdailynews.com/2025/08/13/apple-inc-nasdaqaapl-stake-boosted-by-root-financial-partners-llc/",
      "text_sample": "Root Financial Partners LLC increased its holdings in Apple Inc. (NASDAQ:AAPL – Free Report) by 34.6% in the first quarter, according to its most recent Form 13F filing with the Securities and Exchan…...",
      "contribution_weight": "20.0%",
      "recency": "19 days ago"
    },
    {
      "source": "www.etfdailynews.com",
      "url": "https://www.etfdailynews.com/2025/08/30/fortress-financial-solutions-llc-increases-stake-in-apple-inc-aapl/",
      "text_sample": "Fortress Financial Solutions LLC increased its holdings in shares of Apple Inc. (NASDAQ:AAPL – Free Report) by 4.3% in the 1st quarter, according to its most recent disclosure with the Securities and…...",
      "contribution_weight": "10.0%",
      "recency": "2 days ago"
    },
    {
      "source": "finance.yahoo.com",
      "url": "https://finance.yahoo.com/video/nvidia-earnings-preview-trump-chip-100025160.html",