{
  "id": "b1519b68-e11d-429b-91f4-120839e56826",
  "status": "success",
  "analysis_type": "comprehensive_rigorous",
  "source": "ticker_symbol",
  "source_type": "financial_ticker",
  "text": "META",
  "timestamp": "2025-08-31T18:10:39.953978",
  "enhanced_summary": "Comprehensive analysis of 5 content units with 88.1% confidence. Sentiment: 0.000 (neutral)",
  "content_metrics": {
    "word_count": 1,
    "reading_level": "intermediate",
    "factual_density": 1.0,
    "complexity_score": 1.0,
    "information_entropy": 1.0888999750452237,
    "recent_events_count": 5,
    "average_recency_weight": 0.20187945112074493
  },
  "mathematical_sentiment_analysis": {
    "composite_score": {
      "value": 0.5799966933443258,
      "confidence_interval": [
        0.2790566933443258,
        0.9124531768608094
      ],
      "statistical_significance": 0.9635112460137434
    },
    "multi_model_validation": {
      "lexicon_based": {
        "vader_score": 0.9847,
        "textblob_score": 0.24000000000000005,
        "afinn_score": 0.08241758241758242,
        "consensus": 0.4357058608058608
      },
      "transformer_based": {
        "roberta_sentiment": 0.5928658843040466,
        "consensus": 0.5928658843040466
      },
      "all_models_consensus": 0.5799966933443258
    },
    "uncertainty_metrics": {
      "sentiment_entropy": 2.2804538143670254,
      "polarization_index": 0.37510955285394126,
      "model_agreement": 0.6248904471460588
    }
  },
  "emotion_vector_analysis": {
    "plutchik_coordinates": {
      "joy": 0.125,
      "trust": 0.125,
      "fear": 0.125,
      "surprise": 0.125,
      "sadness": 0.125,
      "disgust": 0.125,
      "anger": 0.125,
      "anticipation": 0.125
    },
    "dominant_emotions": [
      "anticipation",
      "anger",
      "disgust"
    ],
    "emotion_entropy": 2.9999999988458437,
    "emotional_coherence": 3.847188123629053e-10,
    "emotion_mathematics": {
      "vector_magnitude": 0.3535533905932738,
      "emotional_distance_from_neutral": 0.0,
      "primary_emotion_vector": [
        0.125,
        0.125,
        0.125
      ]
    }
  },
  "comprehensive_metrics": {
    "disagreement_index": 0.0,
    "polarity_breakdown": {
      "positive": 0.0,
      "negative": 0.0,
      "neutral": 1.0,
      "wilson_ci": {
        "positive": [
          0.0,
          0.43448246478317476
        ],
        "negative": [
          0.0,
          0.43448246478317476
        ],
        "neutral": [
          0.5655175352168251,
          1.0
        ]
      }
    },
    "sarcasm_rate": 0.0,
    "toxicity_rate": 0.0,
    "freshness_score": 0.20187945112074493,
    "novelty_score": 0.9231151351299884,
    "total_evidence_weight": 0.18903601351640242
  },
  "vad_analysis": {
    "valence": 0.5,
    "arousal": 0.5,
    "dominance": 0.5
  },
  "document_analysis": {
    "total_length": 4,
    "word_count": 1,
    "sentence_count": 1,
    "paragraph_count": 1,
    "file_type": "financial_ticker"
  },
  "context_sources": 5,
  "recent_developments_identified": 5,
  "source_citations": [
    {
      "source": "www.forbes.com",
      "url": "https://www.forbes.com/sites/greatspeculations/2025/08/18/meta-stock-path-to-2x-growth/",
      "text_sample": "The company’s evolution into an AI-driven advertising leader, together with Instagram’s revenue strength and substantial infrastructure spending, creates several...",
      "contribution_weight": "100.0%",
      "recency": "28 days ago"
    },
    {
      "source": "www.etfdailynews.com",
      "url": "https://www.etfdailynews.com/2025/08/10/rep-cleo-fields-purchases-shares-of-meta-platforms-inc-nasdaqmeta-2/",
      "text_sample": "Representative Cleo Fields (D-Louisiana) recently bought shares of Meta Platforms, Inc. (NASDAQ:META). In a filing disclosed on August 06th, the Representative disclosed that they had bought between $...",
      "contribution_weight": "90.0%",
      "recency": "11 days ago"
    },
    {
      "source": "www.etfdailynews.com",
      "url": "https://www.etfdailynews.com/2025/08/02/william-blair-lifts-earnings-estimates-for-meta-platforms/",
      "text_sample": "Meta Platforms, Inc. (NASDAQ:META – Free Report) – Equities researchers at William Blair increased their Q1 2026 earnings estimates for shares of Meta Platforms in a research report issued on Wednesda...",
      "contribution_weight": "80.0%",
      "recency": "18 days ago"
    },
    {
      "source": "www.etfdailynews.com",
      "url": "https://www.etfdailynews.com/2025/08/05/q3-eps-estimates-for-meta-platforms-lifted-by-roth-capital/",
      "text_sample": "Meta Platforms, Inc. (NASDAQ:META – Free Report) – Analysts at Roth Capital increased their Q3 2025 earnings per share (EPS) estimates for shares of Meta Platforms in a research report issued on Wedne...",
      "contribution_weight": "70.0%",
      "recency": "23 days ago"
    },
    {
      "source": "www.etfdailynews.com",
      "url": "https://www.etfdailynews.com/2025/08/04/wedbush-analysts-boost-earnings-estimates-for-meta-platforms/",
      "text_sample": "Meta Platforms, Inc. (NASDAQ:META – Free Report) – Investment analysts at Wedbush boosted their Q3 2025 earnings per share estimates for shares of Meta Platforms in a research note issued on Thursday,...",
      "contribution_weight": "60.0%",
      "recency": "26 days ago"
    }
  ],
  "query_summary": {
    "query": "META",
    "query_type": "general",
    "entities_detected": [
      "Meta"
    ],
    "recent_events": [
      {
        "event": "Found 5 related sources",
        "relevance": "high",
        "source_count": 5
      }
    ]
  },
  "calculation_methodology": {
    "sentiment_calculation": "Weighted average of VADER, TextBlob, and AFINN lexicon scores combined with transformer model outputs",
    "confidence_basis": "Based on agreement between 4 different sentiment models",
    "source_weighting": "Sources weighted by recency, domain authority, and retrieval relevance score",
    "accuracy_indicators": {
      "model_agreement": "88.1%",
      "source_diversity": "2 different source types",
      "temporal_coverage": "Analysis spans 17 days",
      "data_quality": "high"
    }
  },
  "explanatory_clusters": [
    {
      "cluster_id": "search_cluster_0",
      "weight": 0.0909374411090266,
      "sentiment": 0.0,
      "unit_count": 2,
      "representative_text": "Representative Cleo Fields (D-Louisiana) recently bought shares of Meta Platforms, Inc. (NASDAQ:META). In a filing disclosed on August 06th, the Repre...",
      "why_important": [
        "above average weight ✓",
        "high language quality ✓",
        "low toxicity ✓"
      ],
      "avg_freshness": 0.20387409245250898,
      "avg_quality": 0.7039473684210527,
      "sources": [
        "www.etfdailynews.com",
        "www.forbes.com"
      ]
    },
    {
      "cluster_id": "search_cluster_1",
      "weight": 0.05929999958851799,
      "sentiment": 0.0,
      "unit_count": 2,
      "representative_text": "Meta Platforms, Inc. (NASDAQ:META – Free Report) – Equities researchers at William Blair increased their Q1 2026 earnings estimates for shares of Meta...",
      "why_important": [
        "high language quality ✓",
        "low toxicity ✓"
      ],
      "avg_freshness": 0.2,
      "avg_quality": 0.687797619047619,
      "sources": [
        "www.etfdailynews.com"
      ]
    },
    {
      "cluster_id": "search_cluster_2",
      "weight": 0.03879857281885786,
      "sentiment": 0.0,
      "unit_count": 1,
      "representative_text": "Meta Platforms, Inc. (NASDAQ:META – Free Report) – Investment analysts at Wedbush boosted their Q3 2025 earnings per share estimates for shares of Met...",
      "why_important": [
        "high language quality ✓",
        "low toxicity ✓"
      ],
      "avg_freshness": 0.2,
      "avg_quality": 0.7069767441860466,
      "sources": [
        "www.etfdailynews.com"
      ]
    }
  ],
  "key_evidence": [],