{
  "id": "b400bd57-f9b0-4587-b98a-8c79ef0db37e",
  "status": "success",
  "analysis_type": "comprehensive_rigorous",
  "source": "ticker_symbol",
  "source_type": "financial_ticker",
  "text": "AMD",
  "timestamp": "2025-09-01T20:48:10.920814",
  "enhanced_summary": "Comprehensive analysis of 16 content units with 87.6% confidence. Sentiment: 0.416 (positive)",
  "content_metrics": {
    "word_count": 1,
    "reading_level": "intermediate",
    "factual_density": 1.0,
    "complexity_score": 1.0,
    "information_entropy": 1.0888999750452237,
    "recent_events_count": 16,
    "average_recency_weight": 0.3798542700872234
  },
  "mathematical_sentiment_analysis": {
    "composite_score": {
      "value": 0.4161655122655123,
      "confidence_interval": [
        0.05548430735930758,
        0.7861155844155844
      ],
      "statistical_significance": 0.870483642571568
    },
    "multi_model_validation": {
      "lexicon_based": {
        "vader_score": 0.9945,
        "textblob_score": 0.13924963924963932,
        "afinn_score": 0.04707792207792208,
        "consensus": 0.39360918710918713
      },
      "transformer_based": {
        "roberta_sentiment": 0.0,
        "consensus": 0.0
      },
      "all_models_consensus": 0.4161655122655123
    },
    "uncertainty_metrics": {
      "sentiment_entropy": 2.254811786152193,
      "polarization_index": 0.4369595804607672,
      "model_agreement": 0.5630404195392328
    }
  },
  "emotion_vector_analysis": {
    "plutchik_coordinates": {
      "joy": 0.125,
      "trust": 0.125,
      "fear": 0.125,
      "surprise": 0.125,
      "sadness": 0.125,
      "disgust": 0.125,
      "anger": 0.125,
      "anticipation": 0.125
    },
    "dominant_emotions": [
      "anticipation",
      "anger",
      "disgust"
    ],
    "emotion_entropy": 2.9999999988458437,
    "emotional_coherence": 3.847188123629053e-10,
    "emotion_mathematics": {
      "vector_magnitude": 0.3535533905932738,
      "emotional_distance_from_neutral": 0.0,
      "primary_emotion_vector": [
        0.125,
        0.125,
        0.125
      ]
    }
  },
  "comprehensive_metrics": {
    "disagreement_index": 0.4369595804607672,
    "polarity_breakdown": {
      "positive": 0.666,
      "negative": 0.108,
      "neutral": 0.225,
      "wilson_ci": {
        "positive": [
          0.5664662049062049,
          0.7664662049062049
        ],
        "negative": [
          0.008383448773448765,
          0.20838344877344878
        ],
        "neutral": [
          0.12515034632034633,
          0.32515034632034634
        ]
      }
    },
    "sarcasm_rate": 0.0,
    "toxicity_rate": 0.0,
    "freshness_score": 0.3798542700872234,
    "novelty_score": 0.8934208801141347,
    "total_evidence_weight": 0.5175455298407553
  },
  "vad_analysis": {
    "valence": 0.708,
    "arousal": 0.478,
    "dominance": 0.6
  },
  "document_analysis": {
    "total_length": 3,
    "word_count": 1,
    "sentence_count": 1,
    "paragraph_count": 1,
    "file_type": "financial_ticker"
  },
  "context_sources": 16,
  "recent_developments_identified": 16,
  "source_citations": [
    {
      "source": "www.etfdailynews.com",
      "url": "https://www.etfdailynews.com/2025/08/28/advanced-micro-devices-inc-nasdaqamd-receives-180-12-consensus-price-target-from-brokerages/",
      "text_sample": "Advanced Micro Devices, Inc. (NASDAQ:AMD – Get Free Report) has earned a consensus recommendation of “Moderate Buy” from the thirty-eight research firms that are presently covering the company, Market...",
      "contribution_weight": "100.0%",
      "recency": "4 days ago"
    },
    {
      "source": "www.etfdailynews.com",
      "url": "https://www.etfdailynews.com/2025/08/28/advanced-micro-devices-nasdaqamd-trading-1-7-higher-following-analyst-upgrade/",
      "text_sample": "Shares of Advanced Micro Devices, Inc. (NASDAQ:AMD – Get Free Report) traded up 1.7% during trading on Tuesday after Truist Financial upgraded the stock from a hold rating to a buy rating. Truist Fina...",
      "contribution_weight": "90.0%",
      "recency": "4 days ago"
    },
    {
      "source": "www.etfdailynews.com",
      "url": "https://www.etfdailynews.com/2025/08/08/advanced-micro-devices-nasdaqamd-shares-down-8-1-following-weak-earnings/",
      "text_sample": "Advanced Micro Devices, Inc. (NASDAQ:AMD – Get Free Report)’s stock price traded down 8.1% during mid-day trading on Wednesday following a weaker than expected earnings announcement. The stock traded ...",
      "contribution_weight": "80.0%",
      "recency": "24 days ago"
    },
    {
      "source": "www.etfdailynews.com",
      "url": "https://www.etfdailynews.com/2025/08/28/advanced-micro-devices-nasdaqamd-ceo-sells-36893250-00-in-stock/",
      "text_sample": "Advanced Micro Devices, Inc. (NASDAQ:AMD – Get Free Report) CEO Lisa Su sold 225,000 shares of Advanced Micro Devices stock in a transaction on Thursday, August 21st. The shares were sold at an averag...",
      "contribution_weight": "70.0%",
      "recency": "4 days ago"
    },
    {
      "source": "siliconangle.com",
      "url": "https://siliconangle.com/2025/08/05/amds-earnings-fall-short-due-china-chip-ban-despite-good-traction-ai/",
      "text_sample": "Advanced Micro Devices Inc.’s stock was headed lower in extended trading today after it delivered mixed financial results, with earnings coming up short of Wall Street’s targets. The chipmaker reporte...",
      "contribution_weight": "60.0%",
      "recency": "26 days ago"
    },
    {
      "source": "financialpost.com",
      "url": "https://financialpost.com/pmn/business-pmn/amd-under-pressure-to-show-ai-gains-with-stock-beating-nvidia",
      "text_sample": "Advanced Micro Devices Inc. earnings are expected to show the chipmaker is increasingly benefiting from the artificial intelligence arms race. The question is whether it’s enough to justify a rally th...",
      "contribution_weight": "50.0%",
      "recency": "27 days ago"
    },
    {
      "source": "www.etfdailynews.com",
      "url": "https://www.etfdailynews.com/2025/08/28/advanced-micro-devices-nasdaqamd-stock-rating-upgraded-by-truist-financial/",
      "text_sample": "Advanced Micro Devices (NASDAQ:AMD – Get Free Report) was upgraded by analysts at Truist Financial from a “hold” rating to a “buy” rating in a note issued to investors on Tuesday, Marketbeat Ratings r...",
      "contribution_weight": "40.0%",
      "recency": "4 days ago"
    },
    {
      "source": "www.etfdailynews.com",
      "url": "https://www.etfdailynews.com/2025/08/08/advanced-micro-devices-nasdaqamd-given-new-173-00-price-target-at-truist-financial/",
      "text_sample": "Advanced Micro Devices (NASDAQ:AMD – Get Free Report) had its price objective upped by equities researchers at Truist Financial from $111.00 to $173.00 in a research note issued on Wednesday,Benzinga ...",
      "contribution_weight": "30.0%",
      "recency": "24 days ago"
    },
    {
      "source": "www.etfdailynews.com",
      "url": "https://www.etfdailynews.com/2025/08/16/advanced-micro-devices-nasdaqamd-stock-price-expected-to-rise-mizuho-analyst-says/",
      "text_sample": "Advanced Micro Devices (NASDAQ:AMD – Get Free Report) had its target price lifted by investment analysts at Mizuho from $183.00 to $205.00 in a note issued to investors on Thursday,Benzinga reports. T...",
      "contribution_weight": "20.0%",
      "recency": "16 days ago"
    },
    {
      "source": "www.etfdailynews.com",
      "url": "https://www.etfdailynews.com/2025/08/09/advanced-micro-devices-nasdaqamd-price-target-raised-to-195-00/",
      "text_sample": "Advanced Micro Devices (NASDAQ:AMD – Free Report) had its target price hoisted by TD Cowen from $165.00 to $195.00 in a report issued on Wednesday morning, Marketbeat reports. TD Cowen currently has a...",
      "contribution_weight": "10.0%",
      "recency": "23 days ago"
    },
    {
      "source": "reddit.com",