{
  "id": "cfacc1b0-1a2f-4d3b-a7ec-f5c783a90e7a",
  "status": "success",
  "analysis_type": "comprehensive_rigorous",
  "source": "ticker_symbol",
  "source_type": "financial_ticker",
  "text": "C",
  "timestamp": "2025-09-01T23:12:43.563711",
  "enhanced_summary": "Comprehensive analysis of 6 content units with 87.0% confidence. Sentiment: 0.373 (positive)",
  "content_metrics": {
    "word_count": 1,
    "reading_level": "intermediate",
    "factual_density": 0.9982794590987623,
    "complexity_score": 1.0,
    "information_entropy": 1.0888999750452237,
    "recent_events_count": 6,
    "average_recency_weight": 0.5191228445507129
  },
  "mathematical_sentiment_analysis": {
    "composite_score": {
      "value": 0.3733288896003643,
      "confidence_interval": [
        0.03594478951000694,
        0.7516364948453609
      ],
      "statistical_significance": 0.8544466171208411
    },
    "multi_model_validation": {
      "lexicon_based": {
        "vader_score": 0.9907,
        "textblob_score": 0.08986197377501734,
        "afinn_score": 0.03608247422680412,
        "consensus": 0.3722148160006072
      },
      "transformer_based": {
        "roberta_sentiment": 0.0,
        "consensus": 0.0
      },
      "all_models_consensus": 0.3733288896003643
    },
    "uncertainty_metrics": {
      "sentiment_entropy": 2.2584670597869034,
      "polarization_index": 0.41388194215883956,
      "model_agreement": 0.5861180578411604
    }
  },
  "emotion_vector_analysis": {
    "plutchik_coordinates": {
      "joy": 0.125,
      "trust": 0.125,
      "fear": 0.125,
      "surprise": 0.125,
      "sadness": 0.125,
      "disgust": 0.125,
      "anger": 0.125,
      "anticipation": 0.125
    },
    "dominant_emotions": [
      "anticipation",
      "anger",
      "disgust"
    ],
    "emotion_entropy": 2.9999999988458437,
    "emotional_coherence": 3.847188123629053e-10,
    "emotion_mathematics": {
      "vector_magnitude": 0.3535533905932738,
      "emotional_distance_from_neutral": 0.0,
      "primary_emotion_vector": [
        0.125,
        0.125,
        0.125
      ]
    }
  },
  "comprehensive_metrics": {
    "disagreement_index": 0.41388194215883956,
    "polarity_breakdown": {
      "positive": 0.649,
      "negative": 0.113,
      "neutral": 0.238,
      "wilson_ci": {
        "positive": [
          0.5493315558401458,
          0.7493315558401458
        ],
        "negative": [
          0.012667111039963555,
          0.21266711103996355
        ],
        "neutral": [
          0.13800133311989063,
          0.33800133311989067
        ]
      }
    },
    "sarcasm_rate": 0.0017205409012377149,
    "toxicity_rate": 0.0009095332893003976,
    "freshness_score": 0.5191228445507129,
    "novelty_score": 0.7040114868234227,
    "total_evidence_weight": 0.1909347742421344
  },
  "vad_analysis": {
    "valence": 0.687,
    "arousal": 0.466,
    "dominance": 0.6
  },
  "document_analysis": {
    "total_length": 1,
    "word_count": 1,
    "sentence_count": 1,
    "paragraph_count": 1,
    "file_type": "financial_ticker"
  },
  "context_sources": 6,
  "recent_developments_identified": 6,
  "source_citations": [
    {
      "source": "reddit.com",
      "url": "https://reddit.com/r/investing/comments/1n4afdy/inherit_500k_do_you_buy_a_rental_invest_more_in/",
      "text_sample": "Inherit $500K: Do You Buy a Rental, Invest More in Stocks, or Do Something Else?\n\nWhat’s the smartest way to build long-term wealth with a $500K inheritance?\n\nScenario: You already have a sizeable sup...",
      "contribution_weight": "100.0%",
      "recency": "2 days ago"
    },
    {
      "source": "reddit.com",
      "url": "https://reddit.com/r/investing/comments/1n5v2lt/just_rolled_over_401k_to_an_ira/",
      "text_sample": "Just rolled over 401k to an Ira\nMy 401k was a mix of s&p, mid, small, international, growth. It was what was advised.\n\n\nMe 39yrs old. Fidelity customers\n\nMy question is what would be a better portfoli...",
      "contribution_weight": "90.0%",
      "recency": "0 days ago"
    },
    {
      "source": "reddit.com",
      "url": "https://reddit.com/r/stocks/comments/1n3k9zf/most_trump_tariffs_are_not_legal_us_appeals_court/",
      "text_sample": "Most Trump tariffs are not legal, US appeals court rules\nhttps://www.reuters.com/legal/government/most-trump-tariffs-are-not-legal-us-appeals-court-rules-2025-08-29/\n\n>NEW YORK, Aug 29 (Reuters) - A U...",
      "contribution_weight": "80.0%",
      "recency": "3 days ago"
    },
    {
      "source": "reddit.com",
      "url": "https://reddit.com/r/ValueInvesting/comments/1n308yt/curated_list_of_industry_publications_for_every/",
      "text_sample": "Curated list of industry publications for every sector (GICS Level 2)\nHey everyone!\n\nA little while ago I shared a [post](https://www.reddit.com/r/ValueInvesting/comments/1mhalrb/building_deep_researc...",
      "contribution_weight": "70.0%",
      "recency": "3 days ago"
    },
    {
      "source": "reddit.com",
      "url": "https://reddit.com/r/ValueInvesting/comments/1mvk371/never_buy_a_reverse_stock_split_always_sell/",
      "text_sample": "Never buy a reverse stock split. Always sell.\nI have been investing for 30 years, for work and for myself. Reverse stock splits are the ONE reliable signal to get the hell out of the position and/or r...",
      "contribution_weight": "60.0%",
      "recency": "12 days ago"
    },
    {
      "source": "reddit.com",
      "url": "https://reddit.com/r/ValueInvesting/comments/1n4h8ue/warren_buffett_turns_95_today_10_of_his_biggest/",
      "text_sample": "Warren Buffett Turns 95 Today. 10 of His Biggest Investing Lessons — Barron’s\n\nWarren Buffett Turns 95 Today. 10 of His Biggest Investing Lessons\n\nBy Andrew Bary\nAug 30, 2025 1:30 am EDT\n\nWarren Buffe...",
      "contribution_weight": "50.0%",
      "recency": "2 days ago"
    }
  ],
  "query_summary": {
    "query": "C (Citigroup Inc.)",
    "query_type": "Financial, Services, Banks, Diversified, Citigroup, for, you, services",
    "entities_detected": [
      "Tariffs",
      "Stock",
      "Buffett",
      "Years",
      "Reverse",
      "Investing",
      "Today",
      "Court",
      "Trump",
      "Stocks"
    ],
    "recent_events": [
      {
        "event": "Found 6 related sources",
        "relevance": "high",
        "source_count": 6
      }
    ]
  },
  "calculation_methodology": {
    "sentiment_calculation": "Weighted average of VADER, TextBlob, and AFINN lexicon scores combined with transformer model outputs",
    "confidence_basis": "Based on agreement between VADER, TextBlob, AFINN, and RoBERTa (cardiffnlp/twitter-roberta-base-sentiment-latest)",
    "source_weighting": "Sources weighted by recency, domain authority, and retrieval relevance score",
    "accuracy_indicators": {
      "model_agreement": "58.6%",
      "source_diversity": "1 different source types",
      "temporal_coverage": "Analysis spans 12 days",
      "data_quality": "high"
    }
  },
  "explanatory_clusters": [
    {
      "cluster_id": "search_cluster_0",
      "weight": 0.12304807898894128,
      "sentiment": 0.02291614541606985,
      "unit_count": 2,
      "representative_text": "Just rolled over 401k to an Ira\nMy 401k was a mix of s&p, mid, small, international, growth. It was what was advised.\n\n\nMe 39yrs old. Fidelity custome...",
      "why_important": [
        "above average weight ✓",
        "low toxicity ✓"
      ],
      "avg_freshness": 0.5654228742075283,
      "avg_quality": 0.593245605016963,
      "sources": [
        "reddit.com"
      ]
    },
    {
      "cluster_id": "search_cluster_2",
      "weight": 0.035116343328267456,
      "sentiment": 0.001070705325549151,
      "unit_count": 2,
      "representative_text": "Warren Buffett Turns 95 Today. 10 of His Biggest Investing Lessons — Barron’s\n\nWarren Buffett Turns 95 Today. 10 of His Biggest Investing Lessons\n\nBy ...",