{
  "id": "d14326bc-2f7f-4213-8d82-82bbbb85ecd6",
  "status": "success",
  "analysis_type": "comprehensive_rigorous",
  "source": "ticker_symbol",
  "source_type": "financial_ticker",
  "text": "GME",
  "timestamp": "2025-09-01T17:15:42.017004",
  "enhanced_summary": "Comprehensive analysis of 10 content units with 87.2% confidence. Sentiment: 0.228 (positive)",
  "content_metrics": {
    "word_count": 1,
    "reading_level": "intermediate",
    "factual_density": 0.9777633146049173,
    "complexity_score": 1.0,
    "information_entropy": 1.0888999750452237,
    "recent_events_count": 10,
    "average_recency_weight": 0.4711904316632689
  },
  "mathematical_sentiment_analysis": {
    "composite_score": {
      "value": 0.22784581699346407,
      "confidence_interval": [
        0.011764705882352941,
        0.6015211111111112
      ],
      "statistical_significance": 0.7139750311451036
    },
    "multi_model_validation": {
      "lexicon_based": {
        "vader_score": 0.9636,
        "textblob_score": 0.11680555555555557,
        "afinn_score": 0.058823529411764705,
        "consensus": 0.3797430283224401
      },
      "transformer_based": {
        "roberta_sentiment": 0.0,
        "consensus": 0.0
      },
      "all_models_consensus": 0.22784581699346407
    },
    "uncertainty_metrics": {
      "sentiment_entropy": 2.2634732702664873,
      "polarization_index": 0.3704214150974544,
      "model_agreement": 0.6295785849025456
    }
  },
  "emotion_vector_analysis": {
    "plutchik_coordinates": {
      "joy": 0.125,
      "trust": 0.125,
      "fear": 0.125,
      "surprise": 0.125,
      "sadness": 0.125,
      "disgust": 0.125,
      "anger": 0.125,
      "anticipation": 0.125
    },
    "dominant_emotions": [
      "anticipation",
      "anger",
      "disgust"
    ],
    "emotion_entropy": 2.9999999988458437,
    "emotional_coherence": 3.847188123629053e-10,
    "emotion_mathematics": {
      "vector_magnitude": 0.3535533905932738,
      "emotional_distance_from_neutral": 0.0,
      "primary_emotion_vector": [
        0.125,
        0.125,
        0.125
      ]
    }
  },
  "comprehensive_metrics": {
    "disagreement_index": 0.3704214150974544,
    "polarity_breakdown": {
      "positive": 0.591,
      "negative": 0.127,
      "neutral": 0.282,
      "wilson_ci": {
        "positive": [
          0.49113832679738567,
          0.6911383267973856
        ],
        "negative": [
          0.027215418300653577,
          0.2272154183006536
        ],
        "neutral": [
          0.18164625490196076,
          0.3816462549019608
        ]
      }
    },
    "sarcasm_rate": 0.02223668539508275,
    "toxicity_rate": 0.0,
    "freshness_score": 0.4711904316632689,
    "novelty_score": 0.9077473118784664,
    "total_evidence_weight": 0.28420085523649496
  },
  "vad_analysis": {
    "valence": 0.614,
    "arousal": 0.422,
    "dominance": 0.6
  },
  "document_analysis": {
    "total_length": 3,
    "word_count": 1,
    "sentence_count": 1,
    "paragraph_count": 1,
    "file_type": "financial_ticker"
  },
  "context_sources": 10,
  "recent_developments_identified": 10,
  "source_citations": [
    {
      "source": "www.etfdailynews.com",
      "url": "https://www.etfdailynews.com/2025/08/14/pnc-financial-services-group-inc-buys-4653-shares-of-gamestop-corp-nysegme/",
      "text_sample": "PNC Financial Services Group Inc. grew its position in GameStop Corp. (NYSE:GME – Free Report) by 24.9% in the first quarter, according to its most recent filing with the SEC. The fund owned 23,315 sh...",
      "contribution_weight": "100.0%",
      "recency": "20 days ago"
    },
    {
      "source": "www.etfdailynews.com",
      "url": "https://www.etfdailynews.com/2025/08/12/vanguard-group-inc-raises-holdings-in-gamestop-corp-nysegme/",
      "text_sample": "Vanguard Group Inc. raised its position in shares of GameStop Corp. (NYSE:GME – Free Report) by 0.2% in the 1st quarter, according to the company in its most recent disclosure with the Securities & Ex...",
      "contribution_weight": "90.0%",
      "recency": "19 days ago"
    },
    {
      "source": "reddit.com",
      "url": "https://reddit.com/r/investing/comments/1n0c1lc/trump_says_hes_firing_fed_governor_lisa_cook/",
      "text_sample": "For those who say that the Fed chair only has one vote (which is true), looks like Trump's looking to change another vote, combined with the other Fed governor who just resigned (Adriana Kugler) - tha",
      "contribution_weight": "80.0%",
      "recency": "12 days ago"
    },
    {
      "source": "reddit.com",
      "url": "https://reddit.com/r/stocks/comments/1n458y3/rstocks_weekly_thread_on_meme_stocks_saturday_aug/",
      "text_sample": "The meme stock scheduled posts will now run weekly and post Saturday afternoon and won't be a sticky; you're probably seeing this because automod sent you here!\n\n[Full list of meme stocks here.](https",
      "contribution_weight": "70.0%",
      "recency": "21 days ago"
    },
    {
      "source": "reddit.com",
      "url": "https://reddit.com/r/Superstonk/comments/1n16jhq/just_how_deep_value_is_gme_right_now_why/",
      "text_sample": "#So let me get this straight:\n \n#GameStop has a current Market Cap of $9.98 Billion.\n \n#To see what Wall Street \"believes\" the core operating value (not EV or book value) of the underlying business is",
      "contribution_weight": "60.0%",
      "recency": "14 days ago"
    },
    {
      "source": "reddit.com",
      "url": "https://reddit.com/r/Superstonk/comments/1mvdupa/why_does_gme_hold_its_ground_so_steady_now/",
      "text_sample": "Looks like it \"can't\" go further down. I mean, of course it probably can, but seeing how this price holds I think buying when it does eventually go down is a given?  \n\nI don't own that many shares and",
      "contribution_weight": "50.0%",
      "recency": "0 days ago"
    },
    {
      "source": "reddit.com",
      "url": "https://reddit.com/r/Superstonk/comments/1n2bqcr/breaking_congresswoman_lisa_mcclain_bought_gme_on/",
      "text_sample": "🚨 BREAKING - Congresswoman Lisa McClain bought $GME on bond offering day.",
      "contribution_weight": "40.0%",
      "recency": "24 days ago"
    },
    {
      "source": "reddit.com",
      "url": "https://reddit.com/r/Superstonk/comments/1n3lnho/tightest_daily_bollinger_bands_in_the_history_of/",
      "text_sample": "Go touch grass, watch football, be with your family/friends this long weekend, the stock will take care of itself sooner than you can even imagine. IWM Breakout and ATH incoming. Massive rotation out ",
      "contribution_weight": "30.0%",
      "recency": "18 days ago"
    },
    {
      "source": "reddit.com",
      "url": "https://reddit.com/r/Superstonk/comments/1n10jdf/gamestop_announces_release_date_for_second/",
      "text_sample": "GameStop Announces Release Date for Second Quarter Fiscal 2025 Results",
      "contribution_weight": "20.0%",
      "recency": "11 days ago"
    },
    {
      "source": "reddit.com",
      "url": "https://reddit.com/r/Superstonk/comments/1mwjeq8/gamestop_on_x/",
      "text_sample": "GameStop on X",
      "contribution_weight": "10.0%",
      "recency": "22 days ago"
    }
  ],
  "query_summary": {
    "query": "GME (GameStop Corp.)",
    "query_type": "Consumer Cyclical",
    "entities_detected": [
      "Gamestop",
      "Stocks",
      "Https",
      "Meme",
      "Like",
      "Quarter",
      "Stock",
      "Cook",
      "Price",
      "Superstonk"
    ],
    "recent_events": [
      {
        "event": "Found 10 related sources",
        "relevance": "high",
        "source_count": 10
      }
    ]
  },
  "calculation_methodology": {
    "sentiment_calculation": "Weighted average of VADER, TextBlob, and AFINN lexicon scores combined with transformer model outputs",
    "confidence_basis": "Based on agreement between 4 different sentiment models",