{
  "id": "d44301f1-9063-4299-85cd-d526bd1b29b2",
  "status": "success",
  "analysis_type": "comprehensive_rigorous",
  "source": "ticker_symbol",
  "source_type": "financial_ticker",
  "text": "SKIN",
  "timestamp": "2025-09-01T15:34:43.915349",
  "enhanced_summary": "Comprehensive analysis of 25 content units with 86.6% confidence. Sentiment: 0.168 (positive)",
  "content_metrics": {
    "word_count": 1,
    "reading_level": "intermediate",
    "factual_density": 0.9964354286890095,
    "complexity_score": 1.0,
    "information_entropy": 1.0888999750452237,
    "recent_events_count": 25,
    "average_recency_weight": 0.46867712365249026
  },
  "mathematical_sentiment_analysis": {
    "composite_score": {
      "value": 0.16787330819792462,
      "confidence_interval": [
        -0.15621951219512198,
        0.608950243902439
      ],
      "statistical_significance": 0.5158730286536968
    },
    "multi_model_validation": {
      "lexicon_based": {
        "vader_score": 0.9951,
        "textblob_score": 0.05945121951219512,
        "afinn_score": 0.08481532147742818,
        "consensus": 0.3797888469965411
      },
      "transformer_based": {
        "roberta_sentiment": 0.0,
        "consensus": 0.0
      },
      "all_models_consensus": 0.16787330819792462
    },
    "uncertainty_metrics": {
      "sentiment_entropy": 2.230106449250577,
      "polarization_index": 0.43590018541685205,
      "model_agreement": 0.564099814583148
    }
  },
  "emotion_vector_analysis": {
    "plutchik_coordinates": {
      "joy": 0.125,
      "trust": 0.125,
      "fear": 0.125,
      "surprise": 0.125,
      "sadness": 0.125,
      "disgust": 0.125,
      "anger": 0.125,
      "anticipation": 0.125
    },
    "dominant_emotions": [
      "anticipation",
      "anger",
      "disgust"
    ],
    "emotion_entropy": 2.9999999988458437,
    "emotional_coherence": 3.847188123629053e-10,
    "emotion_mathematics": {
      "vector_magnitude": 0.3535533905932738,
      "emotional_distance_from_neutral": 0.0,
      "primary_emotion_vector": [
        0.125,
        0.125,
        0.125
      ]
    }
  },
  "comprehensive_metrics": {
    "disagreement_index": 0.43590018541685205,
    "polarity_breakdown": {
      "positive": 0.567,
      "negative": 0.133,
      "neutral": 0.3,
      "wilson_ci": {
        "positive": [
          0.4671493232791699,
          0.6671493232791699
        ],
        "negative": [
          0.033212669180207516,
          0.23321266918020753
        ],
        "neutral": [
          0.19963800754062258,
          0.3996380075406226
        ]
      }
    },
    "sarcasm_rate": 0.0035645713109905214,
    "toxicity_rate": 0.0,
    "freshness_score": 0.46867712365249026,
    "novelty_score": 0.8962486769634093,
    "total_evidence_weight": 0.9210253724304668
  },
  "vad_analysis": {
    "valence": 0.584,
    "arousal": 0.404,
    "dominance": 0.6
  },
  "document_analysis": {
    "total_length": 4,
    "word_count": 1,
    "sentence_count": 1,
    "paragraph_count": 1,
    "file_type": "financial_ticker"
  },
  "context_sources": 25,
  "recent_developments_identified": 25,
  "source_citations": [
    {
      "source": "www.etfdailynews.com",
      "url": "https://www.etfdailynews.com/2025/08/31/deutsche-bank-ag-sells-8226-shares-of-the-beauty-health-company-skin/",
      "text_sample": "Deutsche Bank AG lessened its stake in shares of The Beauty Health Company (NASDAQ:SKIN – Free Report) by 4.9% in the first quarter, according to the company in its most recent 13F filing with the Sec...",
      "contribution_weight": "100.0%",
      "recency": "15 days ago"
    },
    {
      "source": "ca.finance.yahoo.com",
      "url": "https://ca.finance.yahoo.com/quote/SKIN/",
      "text_sample": "Aug 7, 2025 ... Find the latest The Beauty Health Company (SKIN) stock quote, history ... The Beauty Health Company (SKIN) Surpasses Q2 Earnings and Revenue Estimates.",
      "contribution_weight": "90.0%",
      "recency": "12 days ago"
    },
    {
      "source": "finance.yahoo.com",
      "url": "https://finance.yahoo.com/news/beauty-health-company-skin-surpasses-230002908.html",
      "text_sample": "Aug 7, 2025 ... The Beauty Health Company (SKIN) came out with quarterly earnings of $0.03 per share, beating the Zacks Consensus Estimate of a loss of $0.06 per share.",
      "contribution_weight": "80.0%",
      "recency": "6 days ago"
    },
    {
      "source": "sg.finance.yahoo.com",
      "url": "https://sg.finance.yahoo.com/quote/SKIN/",
      "text_sample": "Aug 7, 2025 ... Find the latest The Beauty Health Company (SKIN) stock quote, history ... The Beauty Health Company (SKIN) Surpasses Q2 Earnings and Revenue Estimates.",
      "contribution_weight": "70.0%",
      "recency": "23 days ago"
    },
    {
      "source": "bradfordtaxinstitute.com",
      "url": "https://bradfordtaxinstitute.com/bullish-on/Why-DGNX-stock-attracts-strong-analyst-attention",
      "text_sample": "Aug 23, 2025 ... ... 【Passive Income】✌️ Our free US stock expert group shares strategies to maximize ... Tags:What makes The Beauty Health Company stock price move sharply.",
      "contribution_weight": "60.0%",
      "recency": "21 days ago"
    },
    {
      "source": "www.nasdaq.com",
      "url": "https://www.nasdaq.com/market-activity/stocks/skin/historical",
      "text_sample": "8 days ago ... Stocks. The Beauty Health Company (SKIN) Surpasses Q2 Earnings and Revenue Estimates ... The Beauty Health Company Announces Q2 2025 Financial Results ...",
      "contribution_weight": "50.0%",
      "recency": "12 days ago"
    },
    {
      "source": "www.etfdailynews.com",
      "url": "https://www.etfdailynews.com/2025/08/09/beauty-health-nasdaqskin-upgraded-by-wall-street-zen-to-buy-rating/",
      "text_sample": "Beauty Health (NASDAQ:SKIN – Get Free Report) was upgraded by Wall Street Zen from a “hold” rating to a “buy” rating in a research note issued on Saturday. A number of other equities research analysts...",
      "contribution_weight": "40.0%",
      "recency": "1 days ago"
    },
    {
      "source": "simplywall.st",
      "url": "https://simplywall.st/stocks/us/household/nasdaq-skin/beauty-health/news/the-beauty-health-companys-nasdaqskin-30-price-boost-is-out",
      "text_sample": "2 days ago ... The The Beauty Health Company ( NASDAQ:SKIN ) share price has done very well ... Perhaps the market is expecting its poor revenue performance to improve, keeping ...",
      "contribution_weight": "30.0%",
      "recency": "3 days ago"
    },
    {
      "source": "www.zacks.com",
      "url": "https://www.zacks.com/stock/news/2681017/the-beauty-health-company-skin-surpasses-q2-earnings-and-revenue-estimates?cid=CS-YAHOO-FT-tale_of_the_tape|yseop_template_4-2681017",
      "text_sample": "Aug 7, 2025 ... The Beauty Health Company (SKIN) Surpasses Q2 Earnings and Revenue Estimates ... Past performance is no guarantee of future results. Up Next. Horizon ...",
      "contribution_weight": "20.0%",
      "recency": "11 days ago"
    },
    {
      "source": "www.zoominfo.com",
      "url": "https://www.zoominfo.com/c/beauty-health-co/552701748",
      "text_sample": "Aug 7, 2025 ... The Beauty Health Company (NASDAQ:SKIN) Q2 2025 Earnings ... BeautyHealth Reports Second Quarter 2025 Financial Results. The Beauty Health Company ...",
      "contribution_weight": "10.0%",
      "recency": "25 days ago"
    },
    {
      "source": "www.globenewswire.com",
      "url": "https://www.globenewswire.com/news-release/2025/08/07/3129656/0/en/BeautyHealth-Reports-Second-Quarter-2025-Financial-Results.html",
      "text_sample": "Aug 7, 2025 ... See “Forward-Looking Statements” for additional information. The Beauty Health Company Condensed Consolidated Statements of Comprehensive Income (Loss) (1)",
      "contribution_weight": "10.0%",
      "recency": "30 days ago"
    },
    {
      "source": "www.nasdaq.com",