{
  "id": "e217302d-647c-47ae-834f-4e0c9f5fd157",
  "status": "success",
  "analysis_type": "comprehensive_rigorous",
  "source": "ticker_symbol",
  "source_type": "financial_ticker",
  "text": "VOO",
  "timestamp": "2025-09-01T16:39:19.525690",
  "enhanced_summary": "Comprehensive analysis of 9 content units with 87.4% confidence. Sentiment: 0.133 (positive)",
  "content_metrics": {
    "word_count": 1,
    "reading_level": "intermediate",
    "factual_density": 1.0,
    "complexity_score": 1.0,
    "information_entropy": 1.0888999750452237,
    "recent_events_count": 9,
    "average_recency_weight": 0.5826600102385708
  },
  "mathematical_sentiment_analysis": {
    "composite_score": {
      "value": 0.13269592829705507,
      "confidence_interval": [
        -0.26472407170294493,
        0.6145781818181818
      ],
      "statistical_significance": 0.3900782104643472
    },
    "multi_model_validation": {
      "lexicon_based": {
        "vader_score": 0.9871,
        "textblob_score": 0.1115909090909091,
        "afinn_score": 0.0647887323943662,
        "consensus": 0.3878265471617584
      },
      "transformer_based": {
        "roberta_sentiment": 0.0,
        "consensus": 0.0
      },
      "all_models_consensus": 0.13269592829705507
    },
    "uncertainty_metrics": {
      "sentiment_entropy": 2.195403173676671,
      "polarization_index": 0.4802031807274746,
      "model_agreement": 0.5197968192725254
    }
  },
  "emotion_vector_analysis": {
    "plutchik_coordinates": {
      "joy": 0.125,
      "trust": 0.125,
      "fear": 0.125,
      "surprise": 0.125,
      "sadness": 0.125,
      "disgust": 0.125,
      "anger": 0.125,
      "anticipation": 0.125
    },
    "dominant_emotions": [
      "anticipation",
      "anger",
      "disgust"
    ],
    "emotion_entropy": 2.9999999988458437,
    "emotional_coherence": 3.847188123629053e-10,
    "emotion_mathematics": {
      "vector_magnitude": 0.3535533905932738,
      "emotional_distance_from_neutral": 0.0,
      "primary_emotion_vector": [
        0.125,
        0.125,
        0.125
      ]
    }
  },
  "comprehensive_metrics": {
    "disagreement_index": 0.4802031807274746,
    "polarity_breakdown": {
      "positive": 0.553,
      "negative": 0.137,
      "neutral": 0.31,
      "wilson_ci": {
        "positive": [
          0.453078371318822,
          0.653078371318822
        ],
        "negative": [
          0.03673040717029449,
          0.2367304071702945
        ],
        "neutral": [
          0.2101912215108835,
          0.4101912215108835
        ]
      }
    },
    "sarcasm_rate": 0.0,
    "toxicity_rate": 0.0,
    "freshness_score": 0.5826600102385708,
    "novelty_score": 0.9062250811806701,
    "total_evidence_weight": 0.40383398255025
  },
  "vad_analysis": {
    "valence": 0.566,
    "arousal": 0.393,
    "dominance": 0.6
  },
  "document_analysis": {
    "total_length": 3,
    "word_count": 1,
    "sentence_count": 1,
    "paragraph_count": 1,
    "file_type": "financial_ticker"
  },
  "context_sources": 9,
  "recent_developments_identified": 9,
  "source_citations": [
    {
      "source": "www.etfdailynews.com",
      "url": "https://www.etfdailynews.com/2025/08/02/fiduciary-wealth-partners-llc-makes-new-38-22-million-investment-in-vanguard-sp-500-etf-nysearcavoo/",
      "text_sample": "Fiduciary Wealth Partners LLC purchased a new stake in Vanguard S&P 500 ETF (NYSEARCA:VOO – Free Report) during the first quarter, HoldingsChannel.com reports. The fund purchased 74,373 shares of the ...",
      "contribution_weight": "100.0%",
      "recency": "0 days ago"
    },
    {
      "source": "www.etfdailynews.com",
      "url": "https://www.etfdailynews.com/2025/08/02/helium-advisors-llc-increases-stock-holdings-in-vanguard-sp-500-etf-nysearcavoo/",
      "text_sample": "Helium Advisors LLC boosted its stake in shares of Vanguard S&P 500 ETF (NYSEARCA:VOO – Free Report) by 4.8% in the 1st quarter, Holdings Channel.com reports. The firm owned 29,231 shares of the compa...",
      "contribution_weight": "90.0%",
      "recency": "9 days ago"
    },
    {
      "source": "www.etfdailynews.com",
      "url": "https://www.etfdailynews.com/2025/08/02/barings-llc-cuts-stock-position-in-vanguard-sp-500-etf-nysearcavoo/",
      "text_sample": "Barings LLC cut its position in shares of Vanguard S&P 500 ETF (NYSEARCA:VOO – Free Report) by 24.4% during the 1st quarter, according to its most recent 13F filing with the Securities and Exchange Co...",
      "contribution_weight": "80.0%",
      "recency": "10 days ago"
    },
    {
      "source": "www.etfdailynews.com",
      "url": "https://www.etfdailynews.com/2025/08/02/schiavi-co-llc-takes-1-41-million-position-in-vanguard-sp-500-etf-nysearcavoo/",
      "text_sample": "Schiavi & Co LLC acquired a new position in shares of Vanguard S&P 500 ETF (NYSEARCA:VOO – Free Report) during the 1st quarter, according to the company in its most recent filing with the Securities &...",
      "contribution_weight": "70.0%",
      "recency": "25 days ago"
    },
    {
      "source": "www.etfdailynews.com",
      "url": "https://www.etfdailynews.com/2025/08/02/vanguard-sp-500-etf-nysearcavoo-holdings-decreased-by-provise-management-group-llc/",
      "text_sample": "ProVise Management Group LLC reduced its position in shares of Vanguard S&P 500 ETF (NYSEARCA:VOO – Free Report) by 13.8% during the 1st quarter, according to the company in its most recent filing wit...",
      "contribution_weight": "60.0%",
      "recency": "10 days ago"
    },
    {
      "source": "reddit.com",
      "url": "https://reddit.com/r/investing/comments/1n04iys/should_i_invest_in_voo_right_now/",
      "text_sample": "I’m 18 years old and I have 10k in savings. \n\nMy dad is big on investing (only been into it for nearly a year) we are pretty poor and he wants to have money. \n\nWell, he wants me to invest 5k into VOO ",
      "contribution_weight": "50.0%",
      "recency": "11 days ago"
    },
    {
      "source": "reddit.com",
      "url": "https://reddit.com/r/investing/comments/1my51sp/fidelity_vs_vanguard_which_would_you_recommend_to/",
      "text_sample": "Hi, my former employer 401k was moved to fidelity, but my Roth IRA and brokerage are in vanguard, would anyone recommend fidelity or vanguard to keep all in 1 place?\n\nI like using vanguard, but the fi",
      "contribution_weight": "40.0%",
      "recency": "20 days ago"
    },
    {
      "source": "reddit.com",
      "url": "https://reddit.com/r/investing/comments/1n3rio5/my_old_employers_401k_is_switching_to_vanguard/",
      "text_sample": "I got an snail mail from my old employer that the 401(k) I have with them is switching from Empower to Vanguard. The letter details the blackout periods and other information. And it says this applies",
      "contribution_weight": "30.0%",
      "recency": "21 days ago"
    },
    {
      "source": "reddit.com",
      "url": "https://reddit.com/r/stocks/comments/1muajgs/voo_vs_vbr_for_the_next_decade/",
      "text_sample": "Between 1965-1982, the S&P only averaged 2.5% annually while small cap value averaged 17.6%.  Between 2000-2009, the S&P averaged 0% annually while small cap value averaged 7.2%.  Since 1926, the S&P ",
      "contribution_weight": "20.0%",
      "recency": "19 days ago"
    }
  ],
  "query_summary": {
    "query": "VOO (Vanguard S&P 500 ETF)",
    "query_type": "ETF",
    "entities_detected": [
      "Vanguard",
      "Employer",
      "Nysearca",
      "Fidelity",
      "Money",
      "Empower",
      "Like",
      "Shares",
      "Invest",
      "About"
    ],
    "recent_events": [
      {
        "event": "Found 9 related sources",
        "relevance": "high",
        "source_count": 9
      }
    ]
  },
  "calculation_methodology": {
    "sentiment_calculation": "Weighted average of VADER, TextBlob, and AFINN lexicon scores combined with transformer model outputs",