{
  "id": "e30614d9-dbbe-4522-ac18-ce44f103eb7a",
  "status": "success",
  "analysis_type": "comprehensive_rigorous",
  "source": "ticker_symbol",
  "source_type": "financial_ticker",
  "text": "AAPL",
  "timestamp": "2025-09-01T23:07:40.110883",
  "enhanced_summary": "Comprehensive analysis of 10 content units with 86.4% confidence. Sentiment: 0.228 (positive)",
  "content_metrics": {
    "word_count": 1,
    "reading_level": "intermediate",
    "factual_density": 0.999581801917861,
    "complexity_score": 1.0,
    "information_entropy": 1.0888999750452237,
    "recent_events_count": 10,
    "average_recency_weight": 0.2570842377746557
  },
  "mathematical_sentiment_analysis": {
    "composite_score": {
      "value": 0.22778478107299005,
      "confidence_interval": [
        0.00625,
        0.62117478107299
      ],
      "statistical_significance": 0.6948613837467315
    },
    "multi_model_validation": {
      "lexicon_based": {
        "vader_score": 0.9991,
        "textblob_score": 0.10857390536495015,
        "afinn_score": 0.03125,
        "consensus": 0.37964130178831673
      },
      "transformer_based": {
        "roberta_sentiment": 0.0,
        "consensus": 0.0
      },
      "all_models_consensus": 0.22778478107299005
    },
    "uncertainty_metrics": {
      "sentiment_entropy": 2.2582429768257484,
      "polarization_index": 0.38769475956836125,
      "model_agreement": 0.6123052404316387
    }
  },
  "emotion_vector_analysis": {
    "plutchik_coordinates": {
      "joy": 0.125,
      "trust": 0.125,
      "fear": 0.125,
      "surprise": 0.125,
      "sadness": 0.125,
      "disgust": 0.125,
      "anger": 0.125,
      "anticipation": 0.125
    },
    "dominant_emotions": [
      "anticipation",
      "anger",
      "disgust"
    ],
    "emotion_entropy": 2.9999999988458437,
    "emotional_coherence": 3.847188123629053e-10,
    "emotion_mathematics": {
      "vector_magnitude": 0.3535533905932738,
      "emotional_distance_from_neutral": 0.0,
      "primary_emotion_vector": [
        0.125,
        0.125,
        0.125
      ]
    }
  },
  "comprehensive_metrics": {
    "disagreement_index": 0.38769475956836125,
    "polarity_breakdown": {
      "positive": 0.591,
      "negative": 0.127,
      "neutral": 0.282,
      "wilson_ci": {
        "positive": [
          0.491113912429196,
          0.691113912429196
        ],
        "negative": [
          0.027221521892700967,
          0.22722152189270098
        ],
        "neutral": [
          0.18166456567810305,
          0.38166456567810303
        ]
      }
    },
    "sarcasm_rate": 0.0004181980821390189,
    "toxicity_rate": 0.0060201748727582854,
    "freshness_score": 0.2570842377746557,
    "novelty_score": 0.7361855773311287,
    "total_evidence_weight": 0.18663242149479878
  },
  "vad_analysis": {
    "valence": 0.614,
    "arousal": 0.422,
    "dominance": 0.6
  },
  "document_analysis": {
    "total_length": 4,
    "word_count": 1,
    "sentence_count": 1,
    "paragraph_count": 1,
    "file_type": "financial_ticker"
  },
  "context_sources": 10,
  "recent_developments_identified": 10,
  "source_citations": [
    {
      "source": "reddit.com",
      "url": "https://reddit.com/r/investing/comments/1n4mk1t/whats_your_highest_earning_stock_ever/",
      "text_sample": "What's your highest earning stock ever?\nWhat has been your highest earning stock investment ever? Please share the stock ticker, the price you bought it at back then vs what it trades at now, and roug...",
      "contribution_weight": "100.0%",
      "recency": "1 days ago"
    },
    {
      "source": "reddit.com",
      "url": "https://reddit.com/r/stocks/comments/1n47cuu/my_8yo_is_destroying_my_returns_and_beating_the_sp/",
      "text_sample": "My 8yo is destroying my returns and beating the S&P\nFour years ago my 4yo daughter (now 8yo) started her UGMA account with just $200 and added $50/month. Today her account is worth $4,535.56, up +44.9...",
      "contribution_weight": "90.0%",
      "recency": "2 days ago"
    },
    {
      "source": "reddit.com",
      "url": "https://reddit.com/r/stocks/comments/1mx1ueh/rstocks_daily_discussion_fundamentals_friday_aug/",
      "text_sample": "r/Stocks Daily Discussion & Fundamentals Friday Aug 22, 2025\nThis is the daily discussion, so anything stocks related is fine, but the theme for today is on fundamentals, but if fundamentals aren't yo...",
      "contribution_weight": "80.0%",
      "recency": "10 days ago"
    },
    {
      "source": "reddit.com",
      "url": "https://reddit.com/r/apple/comments/1mx62li/jim_cramer_says_reports_of_apple_inc_aapls_death/",
      "text_sample": "Jim Cramer Says Reports Of Apple Inc. (AAPL)’s “Death” Are Overblown\n\nUh-oh, it’s over people.\nThe idea that ANYONE takes financial advice from Jim Cramer is laughable at this point.\nWho is reporting ...",
      "contribution_weight": "70.0%",
      "recency": "10 days ago"
    },
    {
      "source": "reddit.com",
      "url": "https://reddit.com/r/apple/comments/1n2pad3/evercore_reiterates_outperform_rating_on_apple/",
      "text_sample": "Evercore reiterates ‘Outperform’ rating on Apple stock with $250 target price\n\nEven if AAPL reaches $250, it would still underperform in comparison to last year where AAPL hit $260. \n\nNVDA, META, MSFT...",
      "contribution_weight": "60.0%",
      "recency": "4 days ago"
    },
    {
      "source": "reddit.com",
      "url": "https://reddit.com/r/apple/comments/1n0ndd4/apples_august_stock_revival_gives_hope_to/",
      "text_sample": "Apple’s August Stock Revival Gives Hope to Concerned Investors\n\nI don't care about investors and shareholders, they are a leech and suppress innovation\nAre there really concerned investors? I’ve been ...",
      "contribution_weight": "50.0%",
      "recency": "6 days ago"
    },
    {
      "source": "reddit.com",
      "url": "https://reddit.com/r/apple/comments/1mytqgz/apple_to_kick_off_threeyear_plan_to_reinvent_its/",
      "text_sample": "Apple to Kick Off Three-Year Plan to Reinvent Its Iconic iPhone\n\niPhone Air this year. \n\nFoldable next year. \n\nCurved edge iPhone the year after.\n\nSaved you a click.\nPaywall removed https://archive.ph...",
      "contribution_weight": "40.0%",
      "recency": "8 days ago"
    },
    {
      "source": "reddit.com",
      "url": "https://reddit.com/r/apple/comments/1n0psqr/apple_special_event_announced_for_september_9_awe/",
      "text_sample": "Apple Special Event Announced for September 9: 'Awe dropping.'\n\nI would have preferred the tagline: “Orange you glad we didn’t say Siri”\niPhone Pro now with a thermal camera\nThey're going to spend the...",
      "contribution_weight": "30.0%",
      "recency": "6 days ago"
    },
    {
      "source": "reddit.com",
      "url": "https://reddit.com/r/apple/comments/1mumas0/spotify_copies_apple_musics_automix_feature/",
      "text_sample": "Spotify copies Apple Music’s AutoMix feature before iOS 26 even ships\nSpotify is introducing a new feature that allows Premium users to create unique transitions between playlist songs. The feature, c...",
      "contribution_weight": "20.0%",
      "recency": "13 days ago"
    },
    {
      "source": "reddit.com",
      "url": "https://reddit.com/r/gadgets/comments/1n061e5/report_reveals_major_details_about_apples/",
      "text_sample": "Report Reveals Major Details About Apple's Foldable iPhone\n\nTL;DR - They are trying to make a foldable screen that doesn't have a crease.\n\"And the third iPhone, which Gurman says won’t be coming until...",
      "contribution_weight": "10.0%",
      "recency": "7 days ago"
    }
  ],
  "query_summary": {
    "query": "AAPL (Apple Inc.)",
    "query_type": "Technology, Apple, for, apple, stock, price, you, with",
    "entities_detected": [
      "Apple",
      "Iphone",
      "Stock",
      "Stocks",
      "Https",
      "Price",
      "Year",
      "Just",
      "Aapl",
      "Screen"
    ],