{
  "id": "e8953cba-3ead-420d-874b-b69e9e607dfd",
  "status": "success",
  "analysis_type": "comprehensive_rigorous",
  "source": "ticker_symbol",
  "source_type": "financial_ticker",
  "text": "DIS",
  "timestamp": "2025-09-01T20:32:50.963777",
  "enhanced_summary": "Comprehensive analysis of 1 content units with 83.4% confidence. Sentiment: -0.095 (neutral)",
  "content_metrics": {
    "word_count": 1,
    "reading_level": "intermediate",
    "factual_density": 1.0,
    "complexity_score": 1.0,
    "information_entropy": 1.0888999750452237,
    "recent_events_count": 1,
    "average_recency_weight": 0.19999999999999998
  },
  "mathematical_sentiment_analysis": {
    "composite_score": {
      "value": -0.09513739141464234,
      "confidence_interval": [
        -0.300892174243927,
        0.015479999999999999
      ],
      "statistical_significance": 0.5974512742836307
    },
    "multi_model_validation": {
      "lexicon_based": {
        "vader_score": 0.0258,
        "textblob_score": 0.0,
        "afinn_score": 0.0,
        "consensus": 0.0086
      },
      "transformer_based": {
        "roberta_sentiment": -0.5014869570732117,
        "consensus": -0.5014869570732117
      },
      "all_models_consensus": -0.09513739141464234
    },
    "uncertainty_metrics": {
      "sentiment_entropy": 2.2800253299812754,
      "polarization_index": 0.20342034897651462,
      "model_agreement": 0.7965796510234854
    }
  },
  "emotion_vector_analysis": {
    "plutchik_coordinates": {
      "joy": 0.125,
      "trust": 0.125,
      "fear": 0.125,
      "surprise": 0.125,
      "sadness": 0.125,
      "disgust": 0.125,
      "anger": 0.125,
      "anticipation": 0.125
    },
    "dominant_emotions": [
      "anticipation",
      "anger",
      "disgust"
    ],
    "emotion_entropy": 2.9999999988458437,
    "emotional_coherence": 3.847188123629053e-10,
    "emotion_mathematics": {
      "vector_magnitude": 0.3535533905932738,
      "emotional_distance_from_neutral": 0.0,
      "primary_emotion_vector": [
        0.125,
        0.125,
        0.125
      ]
    }
  },
  "comprehensive_metrics": {
    "disagreement_index": 0.20342034897651462,
    "polarity_breakdown": {
      "positive": 0.12,
      "negative": 0.179,
      "neutral": 0.701,
      "wilson_ci": {
        "positive": [
          0.0196109913131714,
          0.2196109913131714
        ],
        "negative": [
          0.07941648696975712,
          0.2794164869697571
        ],
        "neutral": [
          0.6009725217170715,
          0.8009725217170715
        ]
      }
    },
    "sarcasm_rate": 0.0,
    "toxicity_rate": 0.0,
    "freshness_score": 0.19999999999999998,
    "novelty_score": 0.8620689655172412,
    "total_evidence_weight": 0.04661537520870062
  },
  "vad_analysis": {
    "valence": 0.452,
    "arousal": 0.382,
    "dominance": 0.4
  },
  "document_analysis": {
    "total_length": 3,
    "word_count": 1,
    "sentence_count": 1,
    "paragraph_count": 1,
    "file_type": "financial_ticker"
  },
  "context_sources": 1,
  "recent_developments_identified": 1,
  "source_citations": [
    {
      "source": "www.bostonherald.com",
      "url": "https://www.bostonherald.com/2025/08/06/wall-street-mcdonalds-disney-earnings/",
      "text_sample": "The mixed trading continues a cooldown for the U.S. stock market after it swung from its worst day since May on Friday to its best since May on Monday",
      "contribution_weight": "100.0%",
      "recency": "739494 days ago"
    }
  ],
  "query_summary": {
    "query": "DIS (Walt Disney Co.)",
    "query_type": "Communication Services",
    "entities_detected": [
      "Wall Street",
      "Profit"
    ],
    "recent_events": [
      {
        "event": "Found 1 related sources",
        "relevance": "high",
        "source_count": 1
      }
    ]
  },
  "calculation_methodology": {
    "sentiment_calculation": "Weighted average of VADER, TextBlob, and AFINN lexicon scores combined with transformer model outputs",
    "confidence_basis": "Based on agreement between 4 different sentiment models",
    "source_weighting": "Sources weighted by recency, domain authority, and retrieval relevance score",
    "accuracy_indicators": {
      "model_agreement": "79.7%",
      "source_diversity": "1 different source types",
      "temporal_coverage": "Analysis spans 1 days",
      "data_quality": "low"
    }
  },
  "explanatory_clusters": [
    {
      "cluster_id": "search_cluster_0",
      "weight": 0.04661537520870062,
      "sentiment": -0.1869158878504673,
      "unit_count": 1,
      "representative_text": "The mixed trading continues a cooldown for the U.S. stock market after it swung from its worst day since May on Friday to its best since May on Monday...",
      "why_important": [
        "high language quality ✓",
        "low toxicity ✓"
      ],
      "avg_freshness": 0.2,
      "avg_quality": 0.6758620689655173,
      "sources": [
        "www.bostonherald.com"
      ]
    }
  ],
  "key_evidence": [],
  "weight_explanations": {
    "weight_range": {
      "min": 0.04661537520870062,
      "max": 0.04661537520870062,
      "mean": 0.04661537520870062,
      "std": 0.0
    },
    "factor_analysis": {
      "high_freshness_units": 0,
      "high_novelty_units": 1,
      "high_source_units": 0,
      "low_toxicity_units": 1
    },
    "weight_concentration": {
      "top_10_percent_weight_share": 1.0,
      "gini_coefficient": 0.0
    }
  }
}