{
  "id": "eece3b53-a0e9-4cbc-882e-27738ef781d1",
  "status": "success",
  "analysis_type": "comprehensive_rigorous",
  "source": "ticker_symbol",
  "source_type": "financial_ticker",
  "text": "JPM",
  "timestamp": "2025-09-01T18:53:54.530748",
  "enhanced_summary": "Comprehensive analysis of 12 content units with 88.1% confidence. Sentiment: 0.289 (positive)",
  "content_metrics": {
    "word_count": 1,
    "reading_level": "intermediate",
    "factual_density": 1.0,
    "complexity_score": 1.0,
    "information_entropy": 1.0888999750452237,
    "recent_events_count": 12,
    "average_recency_weight": 0.4779370095207654
  },
  "mathematical_sentiment_analysis": {
    "composite_score": {
      "value": 0.2893231034817185,
      "confidence_interval": [
        0.03738095238095238,
        0.6344064285714279
      ],
      "statistical_significance": 0.810403880811732
    },
    "multi_model_validation": {
      "lexicon_based": {
        "vader_score": 0.9941,
        "textblob_score": 0.09345238095238095,
        "afinn_score": 0.059063136456211814,
        "consensus": 0.38220517246953084
      },
      "transformer_based": {
        "roberta_sentiment": 0.0,
        "consensus": 0.0
      },
      "all_models_consensus": 0.2893231034817185
    },
    "uncertainty_metrics": {
      "sentiment_entropy": 2.2687434239927273,
      "polarization_index": 0.3665835022344153,
      "model_agreement": 0.6334164977655847
    }
  },
  "emotion_vector_analysis": {
    "plutchik_coordinates": {
      "joy": 0.125,
      "trust": 0.125,
      "fear": 0.125,
      "surprise": 0.125,
      "sadness": 0.125,
      "disgust": 0.125,
      "anger": 0.125,
      "anticipation": 0.125
    },
    "dominant_emotions": [
      "anticipation",
      "anger",
      "disgust"
    ],
    "emotion_entropy": 2.9999999988458437,
    "emotional_coherence": 3.847188123629053e-10,
    "emotion_mathematics": {
      "vector_magnitude": 0.3535533905932738,
      "emotional_distance_from_neutral": 0.0,
      "primary_emotion_vector": [
        0.125,
        0.125,
        0.125
      ]
    }
  },
  "comprehensive_metrics": {
    "disagreement_index": 0.3665835022344153,
    "polarity_breakdown": {
      "positive": 0.616,
      "negative": 0.121,
      "neutral": 0.263,
      "wilson_ci": {
        "positive": [
          0.5157292413926874,
          0.7157292413926873
        ],
        "negative": [
          0.021067689651828134,
          0.22106768965182816
        ],
        "neutral": [
          0.1632030689554845,
          0.3632030689554845
        ]
      }
    },
    "sarcasm_rate": 0.0,
    "toxicity_rate": 0.0,
    "freshness_score": 0.4779370095207654,
    "novelty_score": 0.8893023609827998,
    "total_evidence_weight": 0.4278642507846192
  },
  "vad_analysis": {
    "valence": 0.645,
    "arousal": 0.44,
    "dominance": 0.6
  },
  "document_analysis": {
    "total_length": 3,
    "word_count": 1,
    "sentence_count": 1,
    "paragraph_count": 1,
    "file_type": "financial_ticker"
  },
  "context_sources": 12,
  "recent_developments_identified": 12,
  "source_citations": [
    {
      "source": "finance.yahoo.com",
      "url": "https://finance.yahoo.com/news/freedom-broker-lifts-jpmorgan-chase-042044691.html",
      "text_sample": "JPMorgan Chase & Co. (NYSE:JPM) ranks among the best diversified bank stocks to invest in right now. Freedom Broker kept its Hold rating on JPMorgan Chase & ...",
      "contribution_weight": "100.0%",
      "recency": "24 days ago"
    },
    {
      "source": "www.etfdailynews.com",
      "url": "https://www.etfdailynews.com/2025/08/07/jpmorgan-chase-co-nysejpm-stock-position-lowered-by-nicolet-advisory-services-llc/",
      "text_sample": "Nicolet Advisory Services LLC decreased its position in JPMorgan Chase & Co. (NYSE:JPM – Free Report) by 0.4% in the first quarter, according to its most recent 13F filing with the SEC. The firm owned...",
      "contribution_weight": "90.0%",
      "recency": "11 days ago"
    },
    {
      "source": "www.etfdailynews.com",
      "url": "https://www.etfdailynews.com/2025/08/07/invictus-private-wealth-llc-cuts-stock-position-in-jpmorgan-chase-co-nysejpm/",
      "text_sample": "Invictus Private Wealth LLC cut its stake in shares of JPMorgan Chase & Co. (NYSE:JPM) by 1.7% in the first quarter, according to its most recent disclosure with the SEC. The firm owned 58,959 shares ...",
      "contribution_weight": "80.0%",
      "recency": "0 days ago"
    },
    {
      "source": "www.etfdailynews.com",
      "url": "https://www.etfdailynews.com/2025/08/24/capital-planning-llc-lowers-position-in-jpmorgan-chase-co-jpm/",
      "text_sample": "Capital & Planning LLC decreased its position in shares of JPMorgan Chase & Co. (NYSE:JPM) by 14.0% during the first quarter, according to its most recent filing with the SEC. The firm owned 2,026 sha...",
      "contribution_weight": "70.0%",
      "recency": "27 days ago"
    },
    {
      "source": "www.etfdailynews.com",
      "url": "https://www.etfdailynews.com/2025/08/07/coastal-bridge-advisors-llc-buys-425-shares-of-jpmorgan-chase-co-nysejpm/",
      "text_sample": "Coastal Bridge Advisors LLC increased its stake in shares of JPMorgan Chase & Co. (NYSE:JPM) by 4.2% during the 1st quarter, Holdings Channel reports. The fund owned 10,521 shares of the financial ser...",
      "contribution_weight": "60.0%",
      "recency": "30 days ago"
    },
    {
      "source": "www.etfdailynews.com",
      "url": "https://www.etfdailynews.com/2025/08/06/woodley-farra-manion-portfolio-management-inc-trims-stock-holdings-in-jpmorgan-chase-co-nysejpm/",
      "text_sample": "Woodley Farra Manion Portfolio Management Inc. decreased its stake in JPMorgan Chase & Co. (NYSE:JPM) by 1.2% in the first quarter, HoldingsChannel.com reports. The institutional investor owned 70,459...",
      "contribution_weight": "50.0%",
      "recency": "23 days ago"
    },
    {
      "source": "www.etfdailynews.com",
      "url": "https://www.etfdailynews.com/2025/08/07/bcgm-wealth-management-llc-boosts-stock-position-in-jpmorgan-chase-co-nysejpm/",
      "text_sample": "BCGM Wealth Management LLC boosted its holdings in JPMorgan Chase & Co. (NYSE:JPM) by 2.5% in the first quarter, HoldingsChannel reports. The institutional investor owned 18,325 shares of the financia...",
      "contribution_weight": "40.0%",
      "recency": "14 days ago"
    },
    {
      "source": "www.etfdailynews.com",
      "url": "https://www.etfdailynews.com/2025/08/08/what-is-zacks-researchs-estimate-for-jpm-fy2025-earnings/",
      "text_sample": "JPMorgan Chase & Co. (NYSE:JPM – Free Report) – Equities researchers at Zacks Research raised their FY2025 earnings estimates for shares of JPMorgan Chase & Co. in a research note issued to investors ...",
      "contribution_weight": "30.0%",
      "recency": "26 days ago"
    },
    {
      "source": "www.etfdailynews.com",
      "url": "https://www.etfdailynews.com/2025/08/06/zacks-research-issues-optimistic-forecast-for-jpm-earnings/",
      "text_sample": "JPMorgan Chase & Co. (NYSE:JPM – Free Report) – Equities researchers at Zacks Research raised their Q3 2025 earnings per share estimates for JPMorgan Chase & Co. in a note issued to investors on Monda...",
      "contribution_weight": "20.0%",
      "recency": "12 days ago"
    },
    {
      "source": "www.etfdailynews.com",
      "url": "https://www.etfdailynews.com/2025/08/21/rep-lisa-c-mcclain-buys-jpmorgan-chase-co-nysejpm-stock/",
      "text_sample": "Representative Lisa C. McClain (R-Michigan) recently bought shares of JPMorgan Chase & Co. (NYSE:JPM). In a filing disclosed on August 13th, the Representative disclosed that they had bought between $...",
      "contribution_weight": "10.0%",
      "recency": "23 days ago"
    },
    {
      "source": "siliconangle.com",
      "url": "https://siliconangle.com/2025/08/03/jamie-dimon-becomes-sam-altmans-biggest-competitor/",