{
  "id": "f9630b76-aa76-48a8-93ce-65419eaab567",
  "status": "success",
  "analysis_type": "comprehensive_rigorous",
  "source": "direct_text",
  "source_type": "direct_text",
  "text": "michael porter jr",
  "timestamp": "2025-08-31T12:05:53.010219",
  "enhanced_summary": "Comprehensive analysis of 4 content units with 85.8% confidence. Sentiment: -0.032 (neutral)",
  "content_metrics": {
    "word_count": 3,
    "reading_level": "intermediate",
    "factual_density": 1.0,
    "complexity_score": 1.0,
    "information_entropy": 1.0888999750452237,
    "recent_events_count": 3,
    "average_recency_weight": 0.6612716965146233
  },
  "mathematical_sentiment_analysis": {
    "composite_score": {
      "value": -0.032393989410766814,
      "confidence_interval": [
        -0.13239398941076683,
        0.06760601058923318
      ],
      "statistical_significance": 0.8579276231338429
    },
    "multi_model_validation": {
      "lexicon_based": {
        "consensus": -0.032393989410766814
      },
      "transformer_based": {
        "consensus": -0.032393989410766814
      },
      "all_models_consensus": -0.032393989410766814
    },
    "uncertainty_metrics": {
      "sentiment_entropy": 0.4188708056728747,
      "polarization_index": 0.004423256288689112,
      "model_agreement": 0.9955767437113109
    }
  },
  "emotion_vector_analysis": {
    "plutchik_coordinates": {
      "joy": 0.125,
      "sadness": 0.125,
      "anger": 0.125,
      "fear": 0.125,
      "disgust": 0.125,
      "surprise": 0.125,
      "trust": 0.125,
      "anticipation": 0.125
    },
    "dominant_emotions": [
      "joy",
      "sadness",
      "anger"
    ],
    "emotion_entropy": 2.0794415408798357,
    "emotional_coherence": 0.9955767437113109,
    "emotion_mathematics": {
      "vector_magnitude": 0.3535533905932738,
      "emotional_distance_from_neutral": 0.032393989410766814,
      "primary_emotion_vector": [
        0.125,
        0.125,
        0.125
      ]
    }
  },
  "comprehensive_metrics": {
    "disagreement_index": 0.004423256288689112,
    "polarity_breakdown": {
      "positive": 0.0,
      "negative": 0.1477982292974928,
      "neutral": 0.8522017707025071,
      "wilson_ci": {
        "positive": [
          0.0,
          0.4898908364545973
        ],
        "negative": [
          0.04558726080970055,
          0.6993581574175981
        ],
        "neutral": [
          0.30064184258240184,
          0.9544127391902995
        ]
      }
    },
    "sarcasm_rate": 0.0,
    "toxicity_rate": 0.0,
    "freshness_score": 0.6612716965146233,
    "novelty_score": 0.9481286017299951,
    "total_evidence_weight": 0.19061574778066656
  },
  "vad_analysis": {
    "valence": 0.4861870813740661,
    "arousal": 0.5,
    "dominance": 0.5
  },
  "document_analysis": {
    "total_length": 17,
    "word_count": 3,
    "sentence_count": 1,
    "paragraph_count": 1,
    "file_type": "direct_text"
  },
  "context_sources": 3,
  "recent_developments_identified": 3,
  "explanatory_clusters": []
}