{
  "id": "fd8e0a14-fc62-4272-b765-14399d2117ab",
  "status": "success",
  "analysis_type": "comprehensive_rigorous",
  "source": "ticker_symbol",
  "source_type": "financial_ticker",
  "text": "META",
  "timestamp": "2025-09-01T20:11:55.948353",
  "enhanced_summary": "Comprehensive analysis of 14 content units with 87.6% confidence. Sentiment: 0.447 (positive)",
  "content_metrics": {
    "word_count": 1,
    "reading_level": "intermediate",
    "factual_density": 1.0,
    "complexity_score": 1.0,
    "information_entropy": 1.0888999750452237,
    "recent_events_count": 14,
    "average_recency_weight": 0.3875203356450078
  },
  "mathematical_sentiment_analysis": {
    "composite_score": {
      "value": 0.44719968253968256,
      "confidence_interval": [
        0.06123174603174604,
        0.8326411190476192
      ],
      "statistical_significance": 0.8801044211595718
    },
    "multi_model_validation": {
      "lexicon_based": {
        "vader_score": 0.9973,
        "textblob_score": 0.17123809523809527,
        "afinn_score": 0.06746031746031746,
        "consensus": 0.4119994708994709
      },
      "transformer_based": {
        "roberta_sentiment": 0.0,
        "consensus": 0.0
      },
      "all_models_consensus": 0.44719968253968256
    },
    "uncertainty_metrics": {
      "sentiment_entropy": 2.2525073361451877,
      "polarization_index": 0.4535510752659845,
      "model_agreement": 0.5464489247340155
    }
  },
  "emotion_vector_analysis": {
    "plutchik_coordinates": {
      "joy": 0.125,
      "trust": 0.125,
      "fear": 0.125,
      "surprise": 0.125,
      "sadness": 0.125,
      "disgust": 0.125,
      "anger": 0.125,
      "anticipation": 0.125
    },
    "dominant_emotions": [
      "anticipation",
      "anger",
      "disgust"
    ],
    "emotion_entropy": 2.9999999988458437,
    "emotional_coherence": 3.847188123629053e-10,
    "emotion_mathematics": {
      "vector_magnitude": 0.3535533905932738,
      "emotional_distance_from_neutral": 0.0,
      "primary_emotion_vector": [
        0.125,
        0.125,
        0.125
      ]
    }
  },
  "comprehensive_metrics": {
    "disagreement_index": 0.4535510752659845,
    "polarity_breakdown": {
      "positive": 0.679,
      "negative": 0.105,
      "neutral": 0.216,
      "wilson_ci": {
        "positive": [
          0.5788798730158731,
          0.778879873015873
        ],
        "negative": [
          0.005280031746031727,
          0.20528003174603174
        ],
        "neutral": [
          0.11584009523809521,
          0.3158400952380952
        ]
      }
    },
    "sarcasm_rate": 0.0,
    "toxicity_rate": 0.0,
    "freshness_score": 0.3875203356450078,
    "novelty_score": 0.9096772014247352,
    "total_evidence_weight": 0.42762003223315986
  },
  "vad_analysis": {
    "valence": 0.724,
    "arousal": 0.488,
    "dominance": 0.6
  },
  "document_analysis": {
    "total_length": 4,
    "word_count": 1,
    "sentence_count": 1,
    "paragraph_count": 1,
    "file_type": "financial_ticker"
  },
  "context_sources": 14,
  "recent_developments_identified": 14,
  "source_citations": [
    {
      "source": "www.forbes.com",
      "url": "https://www.forbes.com/sites/greatspeculations/2025/08/18/meta-stock-path-to-2x-growth/",
      "text_sample": "The company’s evolution into an AI-driven advertising leader, together with Instagram’s revenue strength and substantial infrastructure spending, creates several...",
      "contribution_weight": "100.0%",
      "recency": "19 days ago"
    },
    {
      "source": "www.etfdailynews.com",
      "url": "https://www.etfdailynews.com/2025/08/10/rep-cleo-fields-purchases-shares-of-meta-platforms-inc-nasdaqmeta-2/",
      "text_sample": "Representative Cleo Fields (D-Louisiana) recently bought shares of Meta Platforms, Inc. (NASDAQ:META). In a filing disclosed on August 06th, the Representative disclosed that they had bought between $...",
      "contribution_weight": "90.0%",
      "recency": "9 days ago"
    },
    {
      "source": "www.etfdailynews.com",
      "url": "https://www.etfdailynews.com/2025/08/02/william-blair-lifts-earnings-estimates-for-meta-platforms/",
      "text_sample": "Meta Platforms, Inc. (NASDAQ:META – Free Report) – Equities researchers at William Blair increased their Q1 2026 earnings estimates for shares of Meta Platforms in a research report issued on Wednesda...",
      "contribution_weight": "80.0%",
      "recency": "19 days ago"
    },
    {
      "source": "www.etfdailynews.com",
      "url": "https://www.etfdailynews.com/2025/08/05/q3-eps-estimates-for-meta-platforms-lifted-by-roth-capital/",
      "text_sample": "Meta Platforms, Inc. (NASDAQ:META – Free Report) – Analysts at Roth Capital increased their Q3 2025 earnings per share (EPS) estimates for shares of Meta Platforms in a research report issued on Wedne...",
      "contribution_weight": "70.0%",
      "recency": "24 days ago"
    },
    {
      "source": "www.etfdailynews.com",
      "url": "https://www.etfdailynews.com/2025/08/04/wedbush-analysts-boost-earnings-estimates-for-meta-platforms/",
      "text_sample": "Meta Platforms, Inc. (NASDAQ:META – Free Report) – Investment analysts at Wedbush boosted their Q3 2025 earnings per share estimates for shares of Meta Platforms in a research note issued on Thursday,...",
      "contribution_weight": "60.0%",
      "recency": "28 days ago"
    },
    {
      "source": "www.etfdailynews.com",
      "url": "https://www.etfdailynews.com/2025/08/14/meta-platforms-inc-nasdaqmeta-stock-position-boosted-by-smart-money-group-llc/",
      "text_sample": "Smart Money Group LLC raised its holdings in Meta Platforms, Inc. (NASDAQ:META – Free Report) by 20.4% in the first quarter, according to its most recent 13F filing with the Securities and Exchange Co...",
      "contribution_weight": "50.0%",
      "recency": "1 days ago"
    },
    {
      "source": "www.etfdailynews.com",
      "url": "https://www.etfdailynews.com/2025/08/02/da-davidson-weighs-in-on-meta-platforms-q3-earnings/",
      "text_sample": "Meta Platforms, Inc. (NASDAQ:META – Free Report) – DA Davidson issued their Q3 2025 earnings per share estimates for Meta Platforms in a note issued to investors on Thursday, July 31st. DA Davidson an...",
      "contribution_weight": "40.0%",
      "recency": "25 days ago"
    },
    {
      "source": "www.etfdailynews.com",
      "url": "https://www.etfdailynews.com/2025/08/04/fy2025-eps-estimate-for-meta-platforms-increased-by-analyst/",
      "text_sample": "Meta Platforms, Inc. (NASDAQ:META – Free Report) – Equities researchers at DA Davidson upped their FY2025 earnings per share (EPS) estimates for shares of Meta Platforms in a report released on Thursd...",
      "contribution_weight": "30.0%",
      "recency": "15 days ago"
    },
    {
      "source": "www.etfdailynews.com",
      "url": "https://www.etfdailynews.com/2025/08/22/aspire-growth-partners-llc-acquires-45-shares-of-meta-platforms-inc-meta/",
      "text_sample": "Aspire Growth Partners LLC grew its holdings in Meta Platforms, Inc. (NASDAQ:META – Free Report) by 7.3% during the 1st quarter, according to the company in its most recent disclosure with the Securit...",
      "contribution_weight": "20.0%",
      "recency": "20 days ago"
    },
    {
      "source": "www.etfdailynews.com",
      "url": "https://www.etfdailynews.com/2025/08/05/q3-eps-estimates-for-meta-platforms-lifted-by-william-blair/",
      "text_sample": "Meta Platforms, Inc. (NASDAQ:META – Free Report) – Stock analysts at William Blair boosted their Q3 2025 earnings estimates for shares of Meta Platforms in a research note issued on Wednesday, July 30...",
      "contribution_weight": "10.0%",
      "recency": "7 days ago"
    },
    {
      "source": "reddit.com",
      "url": "https://reddit.com/r/investing/comments/1n4mk1t/whats_your_highest_earning_stock_ever/",