{
  "id": "ffabb519-e347-4c9e-9390-8a0e5203f6a4",
  "status": "success",
  "analysis_type": "comprehensive_rigorous",
  "source": "ticker_symbol",
  "source_type": "financial_ticker",
  "text": "VOO",
  "timestamp": "2025-09-01T21:53:10.479560",
  "enhanced_summary": "Comprehensive analysis of 25 content units with 87.0% confidence. Sentiment: 0.291 (positive)",
  "content_metrics": {
    "word_count": 1,
    "reading_level": "intermediate",
    "factual_density": 0.9998237027988827,
    "complexity_score": 1.0,
    "information_entropy": 1.0888999750452237,
    "recent_events_count": 25,
    "average_recency_weight": 0.26998965113677165
  },
  "mathematical_sentiment_analysis": {
    "composite_score": {
      "value": 0.29055799424495576,
      "confidence_interval": [
        0.03966108367585007,
        0.65952
      ],
      "statistical_significance": 0.809761833488698
    },
    "multi_model_validation": {
      "lexicon_based": {
        "vader_score": 0.9992,
        "textblob_score": 0.10887452407030726,
        "afinn_score": 0.044715447154471545,
        "consensus": 0.3842633237415929
      },
      "transformer_based": {
        "roberta_sentiment": 0.0,
        "consensus": 0.0
      },
      "all_models_consensus": 0.29055799424495576
    },
    "uncertainty_metrics": {
      "sentiment_entropy": 2.268187333545976,
      "polarization_index": 0.3688181213301487,
      "model_agreement": 0.6311818786698513
    }
  },
  "emotion_vector_analysis": {
    "plutchik_coordinates": {
      "joy": 0.125,
      "trust": 0.125,
      "fear": 0.125,
      "surprise": 0.125,
      "sadness": 0.125,
      "disgust": 0.125,
      "anger": 0.125,
      "anticipation": 0.125
    },
    "dominant_emotions": [
      "anticipation",
      "anger",
      "disgust"
    ],
    "emotion_entropy": 2.9999999988458437,
    "emotional_coherence": 3.847188123629053e-10,
    "emotion_mathematics": {
      "vector_magnitude": 0.3535533905932738,
      "emotional_distance_from_neutral": 0.0,
      "primary_emotion_vector": [
        0.125,
        0.125,
        0.125
      ]
    }
  },
  "comprehensive_metrics": {
    "disagreement_index": 0.3688181213301487,
    "polarity_breakdown": {
      "positive": 0.616,
      "negative": 0.121,
      "neutral": 0.263,
      "wilson_ci": {
        "positive": [
          0.5162231976979823,
          0.7162231976979823
        ],
        "negative": [
          0.020944200575504418,
          0.22094420057550443
        ],
        "neutral": [
          0.1628326017265133,
          0.3628326017265133
        ]
      }
    },
    "sarcasm_rate": 0.00017629720111734436,
    "toxicity_rate": 0.0,
    "freshness_score": 0.26998965113677165,
    "novelty_score": 0.9404811583048287,
    "total_evidence_weight": 0.6291475764634789
  },
  "vad_analysis": {
    "valence": 0.645,
    "arousal": 0.441,
    "dominance": 0.6
  },
  "document_analysis": {
    "total_length": 3,
    "word_count": 1,
    "sentence_count": 1,
    "paragraph_count": 1,
    "file_type": "financial_ticker"
  },
  "context_sources": 25,
  "recent_developments_identified": 25,
  "source_citations": [
    {
      "source": "www.etfdailynews.com",
      "url": "https://www.etfdailynews.com/2025/08/02/fiduciary-wealth-partners-llc-makes-new-38-22-million-investment-in-vanguard-sp-500-etf-nysearcavoo/",
      "text_sample": "Fiduciary Wealth Partners LLC purchased a new stake in Vanguard S&amp;P 500 ETF (NYSEARCA:VOO – Free Report) during the first quarter, HoldingsChannel.com reports. The fund purchased 74,373 shares of…...",
      "contribution_weight": "100.0%",
      "recency": "30 days ago"
    },
    {
      "source": "www.etfdailynews.com",
      "url": "https://www.etfdailynews.com/2025/08/02/helium-advisors-llc-increases-stock-holdings-in-vanguard-sp-500-etf-nysearcavoo/",
      "text_sample": "Helium Advisors LLC boosted its stake in shares of Vanguard S&amp;P 500 ETF (NYSEARCA:VOO – Free Report) by 4.8% in the 1st quarter, Holdings Channel.com reports. The firm owned 29,231 shares of the …...",
      "contribution_weight": "90.0%",
      "recency": "30 days ago"
    },
    {
      "source": "www.etfdailynews.com",
      "url": "https://www.etfdailynews.com/2025/08/02/barings-llc-cuts-stock-position-in-vanguard-sp-500-etf-nysearcavoo/",
      "text_sample": "Barings LLC cut its position in shares of Vanguard S&amp;P 500 ETF (NYSEARCA:VOO – Free Report) by 24.4% during the 1st quarter, according to its most recent 13F filing with the Securities and Exchan…...",
      "contribution_weight": "80.0%",
      "recency": "30 days ago"
    },
    {
      "source": "www.etfdailynews.com",
      "url": "https://www.etfdailynews.com/2025/08/02/schiavi-co-llc-takes-1-41-million-position-in-vanguard-sp-500-etf-nysearcavoo/",
      "text_sample": "Schiavi &amp; Co LLC acquired a new position in shares of Vanguard S&amp;P 500 ETF (NYSEARCA:VOO – Free Report) during the 1st quarter, according to the company in its most recent filing with the Sec…...",
      "contribution_weight": "70.0%",
      "recency": "30 days ago"
    },
    {
      "source": "www.etfdailynews.com",
      "url": "https://www.etfdailynews.com/2025/08/02/vanguard-sp-500-etf-nysearcavoo-holdings-decreased-by-provise-management-group-llc/",
      "text_sample": "ProVise Management Group LLC reduced its position in shares of Vanguard S&amp;P 500 ETF (NYSEARCA:VOO – Free Report) by 13.8% during the 1st quarter, according to the company in its most recent filin…...",
      "contribution_weight": "60.0%",
      "recency": "30 days ago"
    },
    {
      "source": "finance.yahoo.com",
      "url": "https://finance.yahoo.com/news/prem-watsas-strategic-moves-vanguard-120051929.html",
      "text_sample": "Prem Watsa (Trades, Portfolio), a renowned value investor and the driving force behind Fairfax Financial, recently submitted his 13F filing for the second quarter of 2025. Born on August 5, 1950, in …...",
      "contribution_weight": "50.0%",
      "recency": "18 days ago"
    },
    {
      "source": "biztoc.com",
      "url": "https://biztoc.com/x/2635181af4a12c24",
      "text_sample": "This article will be updated throughout the day, so check back often for more daily updates.The Vanguard S&amp;P 500 ETF (NYSEMKT: VOO) shrugged off reports last night that President Trump will impos…...",
      "contribution_weight": "40.0%",
      "recency": "25 days ago"
    },
    {
      "source": "biztoc.com",
      "url": "https://biztoc.com/x/c507523d9a8d8823",
      "text_sample": "This article will be updated throughout the day, so check back often for more daily updates.The Vanguard S&amp;P 500 ETF (NYSEMKT: VOO) is up 0.1% premarket as investors digest President Trumps lates…...",
      "contribution_weight": "30.0%",
      "recency": "21 days ago"
    },
    {
      "source": "biztoc.com",
      "url": "https://biztoc.com/x/430765b25a895fe0",
      "text_sample": "This article will be updated throughout the day, so check back often for more daily updates.The Vanguard S&amp;P 500 ETF (NYSEMKT: VOO) is set to open 0.3% lower on Monday after scoring a big 1.5% ga…...",
      "contribution_weight": "20.0%",
      "recency": "7 days ago"
    },
    {
      "source": "www.etfdailynews.com",
      "url": "https://www.etfdailynews.com/2025/08/02/vanguard-sp-500-etf-nysearcavoo-shares-acquired-by-mackenzie-financial-corp/",
      "text_sample": "Mackenzie Financial Corp increased its stake in shares of Vanguard S&amp;P 500 ETF (NYSEARCA:VOO – Free Report) by 15.4% during the 1st quarter, Holdings Channel.com reports. The fund owned 11,125 sh…...",
      "contribution_weight": "10.0%",
      "recency": "30 days ago"
    },
    {
      "source": "biztoc.com",
      "url": "https://biztoc.com/x/e52b4bc845b7a977",